origin_date,target,horizon,location,output_type,output_type_id,target_end_date,value
2018-02-03,ili perc,1,HHS Region 1,quantile,0.01,2018-02-10,2.8203402074954496
2018-02-03,ili perc,1,HHS Region 1,quantile,0.025,2018-02-10,3.2237924248513776
2018-02-03,ili perc,1,HHS Region 1,quantile,0.05,2018-02-10,3.4994810147898048
2018-02-03,ili perc,1,HHS Region 1,quantile,0.1,2018-02-10,3.8424105879352104
2018-02-03,ili perc,1,HHS Region 1,quantile,0.15,2018-02-10,4.014087858331492
2018-02-03,ili perc,1,HHS Region 1,quantile,0.2,2018-02-10,4.1698139097662645
2018-02-03,ili perc,1,HHS Region 1,quantile,0.25,2018-02-10,4.332022317081155
2018-02-03,ili perc,1,HHS Region 1,quantile,0.3,2018-02-10,4.425886690436504
2018-02-03,ili perc,1,HHS Region 1,quantile,0.35,2018-02-10,4.512238537588799
2018-02-03,ili perc,1,HHS Region 1,quantile,0.4,2018-02-10,4.598505117431398
2018-02-03,ili perc,1,HHS Region 1,quantile,0.45,2018-02-10,4.69003581737664
2018-02-03,ili perc,1,HHS Region 1,quantile,0.5,2018-02-10,4.774413315434915
2018-02-03,ili perc,1,HHS Region 1,quantile,0.55,2018-02-10,4.8566066216620785
2018-02-03,ili perc,1,HHS Region 1,quantile,0.6,2018-02-10,4.945358123719551
2018-02-03,ili perc,1,HHS Region 1,quantile,0.65,2018-02-10,5.036144688974141
2018-02-03,ili perc,1,HHS Region 1,quantile,0.7,2018-02-10,5.141574359475854
2018-02-03,ili perc,1,HHS Region 1,quantile,0.75,2018-02-10,5.265628136001154
2018-02-03,ili perc,1,HHS Region 1,quantile,0.8,2018-02-10,5.40852896989712
2018-02-03,ili perc,1,HHS Region 1,quantile,0.85,2018-02-10,5.64135362057062
2018-02-03,ili perc,1,HHS Region 1,quantile,0.9,2018-02-10,5.928415621885946
2018-02-03,ili perc,1,HHS Region 1,quantile,0.95,2018-02-10,6.3972819847835956
2018-02-03,ili perc,1,HHS Region 1,quantile,0.975,2018-02-10,6.983162030567078
2018-02-03,ili perc,1,HHS Region 1,quantile,0.99,2018-02-10,8.169366678659202
2018-02-03,ili perc,2,HHS Region 1,quantile,0.01,2018-02-17,2.204001016410302
2018-02-03,ili perc,2,HHS Region 1,quantile,0.025,2018-02-17,2.5767729338637233
2018-02-03,ili perc,2,HHS Region 1,quantile,0.05,2018-02-17,2.9317028494180093
2018-02-03,ili perc,2,HHS Region 1,quantile,0.1,2018-02-17,3.2741807234742013
2018-02-03,ili perc,2,HHS Region 1,quantile,0.15,2018-02-17,3.502452855157504
2018-02-03,ili perc,2,HHS Region 1,quantile,0.2,2018-02-17,3.6904029219466574
2018-02-03,ili perc,2,HHS Region 1,quantile,0.25,2018-02-17,3.8791420536771035
2018-02-03,ili perc,2,HHS Region 1,quantile,0.3,2018-02-17,4.04557204562484
2018-02-03,ili perc,2,HHS Region 1,quantile,0.35,2018-02-17,4.161439080978241
2018-02-03,ili perc,2,HHS Region 1,quantile,0.4,2018-02-17,4.2709178630593625
2018-02-03,ili perc,2,HHS Region 1,quantile,0.45,2018-02-17,4.386285940317431
2018-02-03,ili perc,2,HHS Region 1,quantile,0.5,2018-02-17,4.516539460945411
2018-02-03,ili perc,2,HHS Region 1,quantile,0.55,2018-02-17,4.626041518836898
2018-02-03,ili perc,2,HHS Region 1,quantile,0.6,2018-02-17,4.764638501082011
2018-02-03,ili perc,2,HHS Region 1,quantile,0.65,2018-02-17,4.900621986771755
2018-02-03,ili perc,2,HHS Region 1,quantile,0.7,2018-02-17,5.063432250644895
2018-02-03,ili perc,2,HHS Region 1,quantile,0.75,2018-02-17,5.26890294550908
2018-02-03,ili perc,2,HHS Region 1,quantile,0.8,2018-02-17,5.4758195496072135
2018-02-03,ili perc,2,HHS Region 1,quantile,0.85,2018-02-17,5.760029678912494
2018-02-03,ili perc,2,HHS Region 1,quantile,0.9,2018-02-17,6.136036343205247
2018-02-03,ili perc,2,HHS Region 1,quantile,0.95,2018-02-17,6.857552377391183
2018-02-03,ili perc,2,HHS Region 1,quantile,0.975,2018-02-17,7.656987720228868
2018-02-03,ili perc,2,HHS Region 1,quantile,0.99,2018-02-17,9.063039938071858
2018-02-03,ili perc,3,HHS Region 1,quantile,0.01,2018-02-24,1.6959179823714903
2018-02-03,ili perc,3,HHS Region 1,quantile,0.025,2018-02-24,1.976382600542658
2018-02-03,ili perc,3,HHS Region 1,quantile,0.05,2018-02-24,2.385311117249424
2018-02-03,ili perc,3,HHS Region 1,quantile,0.1,2018-02-24,2.752042746801925
2018-02-03,ili perc,3,HHS Region 1,quantile,0.15,2018-02-24,3.0054174786400663
2018-02-03,ili perc,3,HHS Region 1,quantile,0.2,2018-02-24,3.206791917582342
2018-02-03,ili perc,3,HHS Region 1,quantile,0.25,2018-02-24,3.4211414825651283
2018-02-03,ili perc,3,HHS Region 1,quantile,0.3,2018-02-24,3.5873369630365266
2018-02-03,ili perc,3,HHS Region 1,quantile,0.35,2018-02-24,3.715776991453202
2018-02-03,ili perc,3,HHS Region 1,quantile,0.4,2018-02-24,3.8560216679407957
2018-02-03,ili perc,3,HHS Region 1,quantile,0.45,2018-02-24,3.9912720953363188
2018-02-03,ili perc,3,HHS Region 1,quantile,0.5,2018-02-24,4.145675682744299
2018-02-03,ili perc,3,HHS Region 1,quantile,0.55,2018-02-24,4.316413148982834
2018-02-03,ili perc,3,HHS Region 1,quantile,0.6,2018-02-24,4.488763002540984
2018-02-03,ili perc,3,HHS Region 1,quantile,0.65,2018-02-24,4.646858577726426
2018-02-03,ili perc,3,HHS Region 1,quantile,0.7,2018-02-24,4.819210657049694
2018-02-03,ili perc,3,HHS Region 1,quantile,0.75,2018-02-24,5.019538429409826
2018-02-03,ili perc,3,HHS Region 1,quantile,0.8,2018-02-24,5.266727530748103
2018-02-03,ili perc,3,HHS Region 1,quantile,0.85,2018-02-24,5.5394045914507455
2018-02-03,ili perc,3,HHS Region 1,quantile,0.9,2018-02-24,6.060768030071759
2018-02-03,ili perc,3,HHS Region 1,quantile,0.95,2018-02-24,6.7983592710606855
2018-02-03,ili perc,3,HHS Region 1,quantile,0.975,2018-02-24,7.550092612218404
2018-02-03,ili perc,3,HHS Region 1,quantile,0.99,2018-02-24,9.449988161298348
2018-02-03,ili perc,4,HHS Region 1,quantile,0.01,2018-03-03,1.4740877314371679
2018-02-03,ili perc,4,HHS Region 1,quantile,0.025,2018-03-03,1.7161154319118062
2018-02-03,ili perc,4,HHS Region 1,quantile,0.05,2018-03-03,2.0576118928018037
2018-02-03,ili perc,4,HHS Region 1,quantile,0.1,2018-03-03,2.416388987240127
2018-02-03,ili perc,4,HHS Region 1,quantile,0.15,2018-03-03,2.6845014942291314
2018-02-03,ili perc,4,HHS Region 1,quantile,0.2,2018-03-03,2.9374286109880057
2018-02-03,ili perc,4,HHS Region 1,quantile,0.25,2018-03-03,3.1342543364172943
2018-02-03,ili perc,4,HHS Region 1,quantile,0.3,2018-03-03,3.278121978712397
2018-02-03,ili perc,4,HHS Region 1,quantile,0.35,2018-03-03,3.43280746178387
2018-02-03,ili perc,4,HHS Region 1,quantile,0.4,2018-03-03,3.575148736003864
2018-02-03,ili perc,4,HHS Region 1,quantile,0.45,2018-03-03,3.728713576907335
2018-02-03,ili perc,4,HHS Region 1,quantile,0.5,2018-03-03,3.90133377734667
2018-02-03,ili perc,4,HHS Region 1,quantile,0.55,2018-03-03,4.057508734889604
2018-02-03,ili perc,4,HHS Region 1,quantile,0.6,2018-03-03,4.225946377119537
2018-02-03,ili perc,4,HHS Region 1,quantile,0.65,2018-03-03,4.411330170740714
2018-02-03,ili perc,4,HHS Region 1,quantile,0.7,2018-03-03,4.623175132126962
2018-02-03,ili perc,4,HHS Region 1,quantile,0.75,2018-03-03,4.873604428997543
2018-02-03,ili perc,4,HHS Region 1,quantile,0.8,2018-03-03,5.161506461979853
2018-02-03,ili perc,4,HHS Region 1,quantile,0.85,2018-03-03,5.534730368006036
2018-02-03,ili perc,4,HHS Region 1,quantile,0.9,2018-03-03,6.178376399540617
2018-02-03,ili perc,4,HHS Region 1,quantile,0.95,2018-03-03,7.398621324983191
2018-02-03,ili perc,4,HHS Region 1,quantile,0.975,2018-03-03,8.290499261744655
2018-02-03,ili perc,4,HHS Region 1,quantile,0.99,2018-03-03,10.102531447400247
2018-02-03,ili perc,1,HHS Region 10,quantile,0.01,2018-02-10,1.638579687832464
2018-02-03,ili perc,1,HHS Region 10,quantile,0.025,2018-02-10,1.9825953007474222
2018-02-03,ili perc,1,HHS Region 10,quantile,0.05,2018-02-10,2.2161581727771242
2018-02-03,ili perc,1,HHS Region 10,quantile,0.1,2018-02-10,2.430066883209942
2018-02-03,ili perc,1,HHS Region 10,quantile,0.15,2018-02-10,2.593541419326931
2018-02-03,ili perc,1,HHS Region 10,quantile,0.2,2018-02-10,2.71642970733658
2018-02-03,ili perc,1,HHS Region 10,quantile,0.25,2018-02-10,2.838619107373163
2018-02-03,ili perc,1,HHS Region 10,quantile,0.3,2018-02-10,2.928631596606964
2018-02-03,ili perc,1,HHS Region 10,quantile,0.35,2018-02-10,3.018737240013562
2018-02-03,ili perc,1,HHS Region 10,quantile,0.4,2018-02-10,3.09366261673481
2018-02-03,ili perc,1,HHS Region 10,quantile,0.45,2018-02-10,3.1756909895301044
2018-02-03,ili perc,1,HHS Region 10,quantile,0.5,2018-02-10,3.2716509599666748
2018-02-03,ili perc,1,HHS Region 10,quantile,0.55,2018-02-10,3.3395260897128334
2018-02-03,ili perc,1,HHS Region 10,quantile,0.6,2018-02-10,3.4392993486577623
2018-02-03,ili perc,1,HHS Region 10,quantile,0.65,2018-02-10,3.5205609874265598
2018-02-03,ili perc,1,HHS Region 10,quantile,0.7,2018-02-10,3.613125174501671
2018-02-03,ili perc,1,HHS Region 10,quantile,0.75,2018-02-10,3.71645412744327
2018-02-03,ili perc,1,HHS Region 10,quantile,0.8,2018-02-10,3.861890479420454
2018-02-03,ili perc,1,HHS Region 10,quantile,0.85,2018-02-10,4.028233395183652
2018-02-03,ili perc,1,HHS Region 10,quantile,0.9,2018-02-10,4.332320826527023
2018-02-03,ili perc,1,HHS Region 10,quantile,0.95,2018-02-10,4.920174726936374
2018-02-03,ili perc,1,HHS Region 10,quantile,0.975,2018-02-10,5.502733572552683
2018-02-03,ili perc,1,HHS Region 10,quantile,0.99,2018-02-10,6.8405600363497
2018-02-03,ili perc,2,HHS Region 10,quantile,0.01,2018-02-17,1.0009501570081079
2018-02-03,ili perc,2,HHS Region 10,quantile,0.025,2018-02-17,1.4565950379639425
2018-02-03,ili perc,2,HHS Region 10,quantile,0.05,2018-02-17,1.695418926542567
2018-02-03,ili perc,2,HHS Region 10,quantile,0.1,2018-02-17,1.9468085646707554
2018-02-03,ili perc,2,HHS Region 10,quantile,0.15,2018-02-17,2.1285898764443383
2018-02-03,ili perc,2,HHS Region 10,quantile,0.2,2018-02-17,2.2671263659156224
2018-02-03,ili perc,2,HHS Region 10,quantile,0.25,2018-02-17,2.3685917522092725
2018-02-03,ili perc,2,HHS Region 10,quantile,0.3,2018-02-17,2.4707731085365805
2018-02-03,ili perc,2,HHS Region 10,quantile,0.35,2018-02-17,2.567296129332786
2018-02-03,ili perc,2,HHS Region 10,quantile,0.4,2018-02-17,2.6684346217018327
2018-02-03,ili perc,2,HHS Region 10,quantile,0.45,2018-02-17,2.769422953383222
2018-02-03,ili perc,2,HHS Region 10,quantile,0.5,2018-02-17,2.8773883372164986
2018-02-03,ili perc,2,HHS Region 10,quantile,0.55,2018-02-17,2.9669306521196255
2018-02-03,ili perc,2,HHS Region 10,quantile,0.6,2018-02-17,3.0932258501271335
2018-02-03,ili perc,2,HHS Region 10,quantile,0.65,2018-02-17,3.207483568268878
2018-02-03,ili perc,2,HHS Region 10,quantile,0.7,2018-02-17,3.3230151806575803
2018-02-03,ili perc,2,HHS Region 10,quantile,0.75,2018-02-17,3.4734899662789234
2018-02-03,ili perc,2,HHS Region 10,quantile,0.8,2018-02-17,3.632113568709603
2018-02-03,ili perc,2,HHS Region 10,quantile,0.85,2018-02-17,3.857077316943844
2018-02-03,ili perc,2,HHS Region 10,quantile,0.9,2018-02-17,4.1888293558528185
2018-02-03,ili perc,2,HHS Region 10,quantile,0.95,2018-02-17,4.8581154209588675
2018-02-03,ili perc,2,HHS Region 10,quantile,0.975,2018-02-17,5.6527970358957536
2018-02-03,ili perc,2,HHS Region 10,quantile,0.99,2018-02-17,6.750218070217059
2018-02-03,ili perc,3,HHS Region 10,quantile,0.01,2018-02-24,0.7108632634512637
2018-02-03,ili perc,3,HHS Region 10,quantile,0.025,2018-02-24,1.003389042729377
2018-02-03,ili perc,3,HHS Region 10,quantile,0.05,2018-02-24,1.228162925236977
2018-02-03,ili perc,3,HHS Region 10,quantile,0.1,2018-02-24,1.5166309056852942
2018-02-03,ili perc,3,HHS Region 10,quantile,0.15,2018-02-24,1.680831725051863
2018-02-03,ili perc,3,HHS Region 10,quantile,0.2,2018-02-24,1.817267412676222
2018-02-03,ili perc,3,HHS Region 10,quantile,0.25,2018-02-24,1.9425032729388103
2018-02-03,ili perc,3,HHS Region 10,quantile,0.3,2018-02-24,2.070261473612626
2018-02-03,ili perc,3,HHS Region 10,quantile,0.35,2018-02-24,2.1823686760395633
2018-02-03,ili perc,3,HHS Region 10,quantile,0.4,2018-02-24,2.284433558133067
2018-02-03,ili perc,3,HHS Region 10,quantile,0.45,2018-02-24,2.384646122787791
2018-02-03,ili perc,3,HHS Region 10,quantile,0.5,2018-02-24,2.49558103568942
2018-02-03,ili perc,3,HHS Region 10,quantile,0.55,2018-02-24,2.6103381758687263
2018-02-03,ili perc,3,HHS Region 10,quantile,0.6,2018-02-24,2.735104928280797
2018-02-03,ili perc,3,HHS Region 10,quantile,0.65,2018-02-24,2.8591308843097543
2018-02-03,ili perc,3,HHS Region 10,quantile,0.7,2018-02-24,2.981589713731311
2018-02-03,ili perc,3,HHS Region 10,quantile,0.75,2018-02-24,3.13247334372337
2018-02-03,ili perc,3,HHS Region 10,quantile,0.8,2018-02-24,3.329165388889806
2018-02-03,ili perc,3,HHS Region 10,quantile,0.85,2018-02-24,3.5698337380280205
2018-02-03,ili perc,3,HHS Region 10,quantile,0.9,2018-02-24,3.9455983818254996
2018-02-03,ili perc,3,HHS Region 10,quantile,0.95,2018-02-24,4.81150585841731
2018-02-03,ili perc,3,HHS Region 10,quantile,0.975,2018-02-24,5.7900860607854545
2018-02-03,ili perc,3,HHS Region 10,quantile,0.99,2018-02-24,7.310038549883192
2018-02-03,ili perc,4,HHS Region 10,quantile,0.01,2018-03-03,0.5880624215671734
2018-02-03,ili perc,4,HHS Region 10,quantile,0.025,2018-03-03,0.8535836868048565
2018-02-03,ili perc,4,HHS Region 10,quantile,0.05,2018-03-03,1.0518938084295706
2018-02-03,ili perc,4,HHS Region 10,quantile,0.1,2018-03-03,1.3037955019680356
2018-02-03,ili perc,4,HHS Region 10,quantile,0.15,2018-03-03,1.4648323925635678
2018-02-03,ili perc,4,HHS Region 10,quantile,0.2,2018-03-03,1.6203207380782347
2018-02-03,ili perc,4,HHS Region 10,quantile,0.25,2018-03-03,1.7569183150270324
2018-02-03,ili perc,4,HHS Region 10,quantile,0.3,2018-03-03,1.8669641373162995
2018-02-03,ili perc,4,HHS Region 10,quantile,0.35,2018-03-03,1.97978655394503
2018-02-03,ili perc,4,HHS Region 10,quantile,0.4,2018-03-03,2.0904033809981044
2018-02-03,ili perc,4,HHS Region 10,quantile,0.45,2018-03-03,2.1879875151999677
2018-02-03,ili perc,4,HHS Region 10,quantile,0.5,2018-03-03,2.3160500878477754
2018-02-03,ili perc,4,HHS Region 10,quantile,0.55,2018-03-03,2.4463115523480212
2018-02-03,ili perc,4,HHS Region 10,quantile,0.6,2018-03-03,2.5993874310774316
2018-02-03,ili perc,4,HHS Region 10,quantile,0.65,2018-03-03,2.7391432934906668
2018-02-03,ili perc,4,HHS Region 10,quantile,0.7,2018-03-03,2.8941168288144756
2018-02-03,ili perc,4,HHS Region 10,quantile,0.75,2018-03-03,3.0618598170142914
2018-02-03,ili perc,4,HHS Region 10,quantile,0.8,2018-03-03,3.3068300071694443
2018-02-03,ili perc,4,HHS Region 10,quantile,0.85,2018-03-03,3.587785004866602
2018-02-03,ili perc,4,HHS Region 10,quantile,0.9,2018-03-03,4.046783191229858
2018-02-03,ili perc,4,HHS Region 10,quantile,0.95,2018-03-03,4.875376082719176
2018-02-03,ili perc,4,HHS Region 10,quantile,0.975,2018-03-03,5.819116726393106
2018-02-03,ili perc,4,HHS Region 10,quantile,0.99,2018-03-03,6.966059881435288
2018-02-03,ili perc,1,HHS Region 2,quantile,0.01,2018-02-10,6.787018007942711
2018-02-03,ili perc,1,HHS Region 2,quantile,0.025,2018-02-10,7.07465092557046
2018-02-03,ili perc,1,HHS Region 2,quantile,0.05,2018-02-10,7.538926933587427
2018-02-03,ili perc,1,HHS Region 2,quantile,0.1,2018-02-10,7.922725769795674
2018-02-03,ili perc,1,HHS Region 2,quantile,0.15,2018-02-10,8.219505352495608
2018-02-03,ili perc,1,HHS Region 2,quantile,0.2,2018-02-10,8.398289323996293
2018-02-03,ili perc,1,HHS Region 2,quantile,0.25,2018-02-10,8.534810621553598
2018-02-03,ili perc,1,HHS Region 2,quantile,0.3,2018-02-10,8.681030786486287
2018-02-03,ili perc,1,HHS Region 2,quantile,0.35,2018-02-10,8.787625307609085
2018-02-03,ili perc,1,HHS Region 2,quantile,0.4,2018-02-10,8.902899907422457
2018-02-03,ili perc,1,HHS Region 2,quantile,0.45,2018-02-10,9.02890755018159
2018-02-03,ili perc,1,HHS Region 2,quantile,0.5,2018-02-10,9.117149562808638
2018-02-03,ili perc,1,HHS Region 2,quantile,0.55,2018-02-10,9.24599527314573
2018-02-03,ili perc,1,HHS Region 2,quantile,0.6,2018-02-10,9.33655272722251
2018-02-03,ili perc,1,HHS Region 2,quantile,0.65,2018-02-10,9.428144741402333
2018-02-03,ili perc,1,HHS Region 2,quantile,0.7,2018-02-10,9.57235908090226
2018-02-03,ili perc,1,HHS Region 2,quantile,0.75,2018-02-10,9.706489181562244
2018-02-03,ili perc,1,HHS Region 2,quantile,0.8,2018-02-10,9.858730958924253
2018-02-03,ili perc,1,HHS Region 2,quantile,0.85,2018-02-10,10.0720570825168
2018-02-03,ili perc,1,HHS Region 2,quantile,0.9,2018-02-10,10.391840561594458
2018-02-03,ili perc,1,HHS Region 2,quantile,0.95,2018-02-10,11.155467565840354
2018-02-03,ili perc,1,HHS Region 2,quantile,0.975,2018-02-10,11.875138655223711
2018-02-03,ili perc,1,HHS Region 2,quantile,0.99,2018-02-10,12.589524792705385
2018-02-03,ili perc,2,HHS Region 2,quantile,0.01,2018-02-17,5.576030104051493
2018-02-03,ili perc,2,HHS Region 2,quantile,0.025,2018-02-17,5.993343642043579
2018-02-03,ili perc,2,HHS Region 2,quantile,0.05,2018-02-17,6.4280424820258615
2018-02-03,ili perc,2,HHS Region 2,quantile,0.1,2018-02-17,6.925902967855251
2018-02-03,ili perc,2,HHS Region 2,quantile,0.15,2018-02-17,7.238226642921269
2018-02-03,ili perc,2,HHS Region 2,quantile,0.2,2018-02-17,7.488521039247292
2018-02-03,ili perc,2,HHS Region 2,quantile,0.25,2018-02-17,7.748716659849271
2018-02-03,ili perc,2,HHS Region 2,quantile,0.3,2018-02-17,7.948820288456486
2018-02-03,ili perc,2,HHS Region 2,quantile,0.35,2018-02-17,8.097763578871437
2018-02-03,ili perc,2,HHS Region 2,quantile,0.4,2018-02-17,8.286936696888063
2018-02-03,ili perc,2,HHS Region 2,quantile,0.45,2018-02-17,8.442398807522007
2018-02-03,ili perc,2,HHS Region 2,quantile,0.5,2018-02-17,8.606961446511141
2018-02-03,ili perc,2,HHS Region 2,quantile,0.55,2018-02-17,8.774349696687656
2018-02-03,ili perc,2,HHS Region 2,quantile,0.6,2018-02-17,8.927619926870229
2018-02-03,ili perc,2,HHS Region 2,quantile,0.65,2018-02-17,9.094003721435653
2018-02-03,ili perc,2,HHS Region 2,quantile,0.7,2018-02-17,9.298061874482134
2018-02-03,ili perc,2,HHS Region 2,quantile,0.75,2018-02-17,9.544127751784698
2018-02-03,ili perc,2,HHS Region 2,quantile,0.8,2018-02-17,9.762286901831056
2018-02-03,ili perc,2,HHS Region 2,quantile,0.85,2018-02-17,10.079802403877457
2018-02-03,ili perc,2,HHS Region 2,quantile,0.9,2018-02-17,10.53028561481035
2018-02-03,ili perc,2,HHS Region 2,quantile,0.95,2018-02-17,11.382013874405855
2018-02-03,ili perc,2,HHS Region 2,quantile,0.975,2018-02-17,12.260605726353315
2018-02-03,ili perc,2,HHS Region 2,quantile,0.99,2018-02-17,13.337950950403789
2018-02-03,ili perc,3,HHS Region 2,quantile,0.01,2018-02-24,4.798649549027962
2018-02-03,ili perc,3,HHS Region 2,quantile,0.025,2018-02-24,5.233023592488207
2018-02-03,ili perc,3,HHS Region 2,quantile,0.05,2018-02-24,5.718176555483324
2018-02-03,ili perc,3,HHS Region 2,quantile,0.1,2018-02-24,6.218238517612275
2018-02-03,ili perc,3,HHS Region 2,quantile,0.15,2018-02-24,6.509041190327424
2018-02-03,ili perc,3,HHS Region 2,quantile,0.2,2018-02-24,6.740159051559686
2018-02-03,ili perc,3,HHS Region 2,quantile,0.25,2018-02-24,7.029424015175628
2018-02-03,ili perc,3,HHS Region 2,quantile,0.3,2018-02-24,7.259714331085849
2018-02-03,ili perc,3,HHS Region 2,quantile,0.35,2018-02-24,7.43222819254521
2018-02-03,ili perc,3,HHS Region 2,quantile,0.4,2018-02-24,7.610231398085946
2018-02-03,ili perc,3,HHS Region 2,quantile,0.45,2018-02-24,7.829989260325503
2018-02-03,ili perc,3,HHS Region 2,quantile,0.5,2018-02-24,8.02707932578759
2018-02-03,ili perc,3,HHS Region 2,quantile,0.55,2018-02-24,8.212153001114824
2018-02-03,ili perc,3,HHS Region 2,quantile,0.6,2018-02-24,8.431084767597962
2018-02-03,ili perc,3,HHS Region 2,quantile,0.65,2018-02-24,8.639687969999729
2018-02-03,ili perc,3,HHS Region 2,quantile,0.7,2018-02-24,8.886448993081258
2018-02-03,ili perc,3,HHS Region 2,quantile,0.75,2018-02-24,9.086953316393506
2018-02-03,ili perc,3,HHS Region 2,quantile,0.8,2018-02-24,9.40817483368039
2018-02-03,ili perc,3,HHS Region 2,quantile,0.85,2018-02-24,9.792773410345491
2018-02-03,ili perc,3,HHS Region 2,quantile,0.9,2018-02-24,10.379222074104907
2018-02-03,ili perc,3,HHS Region 2,quantile,0.95,2018-02-24,11.230286856505163
2018-02-03,ili perc,3,HHS Region 2,quantile,0.975,2018-02-24,12.147133993666525
2018-02-03,ili perc,3,HHS Region 2,quantile,0.99,2018-02-24,13.456610411270328
2018-02-03,ili perc,4,HHS Region 2,quantile,0.01,2018-03-03,4.2502766775681176
2018-02-03,ili perc,4,HHS Region 2,quantile,0.025,2018-03-03,4.705810721075734
2018-02-03,ili perc,4,HHS Region 2,quantile,0.05,2018-03-03,5.094487415850179
2018-02-03,ili perc,4,HHS Region 2,quantile,0.1,2018-03-03,5.593143538024282
2018-02-03,ili perc,4,HHS Region 2,quantile,0.15,2018-03-03,5.960639204710536
2018-02-03,ili perc,4,HHS Region 2,quantile,0.2,2018-03-03,6.276634927880776
2018-02-03,ili perc,4,HHS Region 2,quantile,0.25,2018-03-03,6.515737029915636
2018-02-03,ili perc,4,HHS Region 2,quantile,0.3,2018-03-03,6.741497116129677
2018-02-03,ili perc,4,HHS Region 2,quantile,0.35,2018-03-03,6.944396561896895
2018-02-03,ili perc,4,HHS Region 2,quantile,0.4,2018-03-03,7.178393605887093
2018-02-03,ili perc,4,HHS Region 2,quantile,0.45,2018-03-03,7.391613256549128
2018-02-03,ili perc,4,HHS Region 2,quantile,0.5,2018-03-03,7.600398391121889
2018-02-03,ili perc,4,HHS Region 2,quantile,0.55,2018-03-03,7.818549859173775
2018-02-03,ili perc,4,HHS Region 2,quantile,0.6,2018-03-03,8.061610388776568
2018-02-03,ili perc,4,HHS Region 2,quantile,0.65,2018-03-03,8.316191309333234
2018-02-03,ili perc,4,HHS Region 2,quantile,0.7,2018-03-03,8.588905559268888
2018-02-03,ili perc,4,HHS Region 2,quantile,0.75,2018-03-03,8.897207361340005
2018-02-03,ili perc,4,HHS Region 2,quantile,0.8,2018-03-03,9.234793459498574
2018-02-03,ili perc,4,HHS Region 2,quantile,0.85,2018-03-03,9.685480156224765
2018-02-03,ili perc,4,HHS Region 2,quantile,0.9,2018-03-03,10.262960663897621
2018-02-03,ili perc,4,HHS Region 2,quantile,0.95,2018-03-03,11.34017325456742
2018-02-03,ili perc,4,HHS Region 2,quantile,0.975,2018-03-03,12.190195011829934
2018-02-03,ili perc,4,HHS Region 2,quantile,0.99,2018-03-03,13.394311599911605
2018-02-03,ili perc,1,HHS Region 3,quantile,0.01,2018-02-10,4.71118795408733
2018-02-03,ili perc,1,HHS Region 3,quantile,0.025,2018-02-10,5.052301470236078
2018-02-03,ili perc,1,HHS Region 3,quantile,0.05,2018-02-10,5.321383906734913
2018-02-03,ili perc,1,HHS Region 3,quantile,0.1,2018-02-10,5.707866989878731
2018-02-03,ili perc,1,HHS Region 3,quantile,0.15,2018-02-10,5.886184865526331
2018-02-03,ili perc,1,HHS Region 3,quantile,0.2,2018-02-10,6.026806415067966
2018-02-03,ili perc,1,HHS Region 3,quantile,0.25,2018-02-10,6.155352772540146
2018-02-03,ili perc,1,HHS Region 3,quantile,0.3,2018-02-10,6.272108097148172
2018-02-03,ili perc,1,HHS Region 3,quantile,0.35,2018-02-10,6.371083418639797
2018-02-03,ili perc,1,HHS Region 3,quantile,0.4,2018-02-10,6.467014572818814
2018-02-03,ili perc,1,HHS Region 3,quantile,0.45,2018-02-10,6.57605868749814
2018-02-03,ili perc,1,HHS Region 3,quantile,0.5,2018-02-10,6.662782360420789
2018-02-03,ili perc,1,HHS Region 3,quantile,0.55,2018-02-10,6.798988665360962
2018-02-03,ili perc,1,HHS Region 3,quantile,0.6,2018-02-10,6.896228057149841
2018-02-03,ili perc,1,HHS Region 3,quantile,0.65,2018-02-10,7.007298823791405
2018-02-03,ili perc,1,HHS Region 3,quantile,0.7,2018-02-10,7.157031418474763
2018-02-03,ili perc,1,HHS Region 3,quantile,0.75,2018-02-10,7.283121620139422
2018-02-03,ili perc,1,HHS Region 3,quantile,0.8,2018-02-10,7.486782578721091
2018-02-03,ili perc,1,HHS Region 3,quantile,0.85,2018-02-10,7.7068121446254505
2018-02-03,ili perc,1,HHS Region 3,quantile,0.9,2018-02-10,7.996141172072518
2018-02-03,ili perc,1,HHS Region 3,quantile,0.95,2018-02-10,8.569514410994964
2018-02-03,ili perc,1,HHS Region 3,quantile,0.975,2018-02-10,9.245545484790588
2018-02-03,ili perc,1,HHS Region 3,quantile,0.99,2018-02-10,10.14473178619359
2018-02-03,ili perc,2,HHS Region 3,quantile,0.01,2018-02-17,4.118580949090494
2018-02-03,ili perc,2,HHS Region 3,quantile,0.025,2018-02-17,4.422259047464293
2018-02-03,ili perc,2,HHS Region 3,quantile,0.05,2018-02-17,4.765697019718126
2018-02-03,ili perc,2,HHS Region 3,quantile,0.1,2018-02-17,5.174636321503663
2018-02-03,ili perc,2,HHS Region 3,quantile,0.15,2018-02-17,5.44259785658433
2018-02-03,ili perc,2,HHS Region 3,quantile,0.2,2018-02-17,5.617739202180882
2018-02-03,ili perc,2,HHS Region 3,quantile,0.25,2018-02-17,5.795505840942236
2018-02-03,ili perc,2,HHS Region 3,quantile,0.3,2018-02-17,5.9467729095830215
2018-02-03,ili perc,2,HHS Region 3,quantile,0.35,2018-02-17,6.0798669286848
2018-02-03,ili perc,2,HHS Region 3,quantile,0.4,2018-02-17,6.205093903459836
2018-02-03,ili perc,2,HHS Region 3,quantile,0.45,2018-02-17,6.358520093439572
2018-02-03,ili perc,2,HHS Region 3,quantile,0.5,2018-02-17,6.503034452447537
2018-02-03,ili perc,2,HHS Region 3,quantile,0.55,2018-02-17,6.634396592884919
2018-02-03,ili perc,2,HHS Region 3,quantile,0.6,2018-02-17,6.816767816626435
2018-02-03,ili perc,2,HHS Region 3,quantile,0.65,2018-02-17,6.967007718938633
2018-02-03,ili perc,2,HHS Region 3,quantile,0.7,2018-02-17,7.106157382659822
2018-02-03,ili perc,2,HHS Region 3,quantile,0.75,2018-02-17,7.335735414859185
2018-02-03,ili perc,2,HHS Region 3,quantile,0.8,2018-02-17,7.565189658059028
2018-02-03,ili perc,2,HHS Region 3,quantile,0.85,2018-02-17,7.865198903630355
2018-02-03,ili perc,2,HHS Region 3,quantile,0.9,2018-02-17,8.318109083127952
2018-02-03,ili perc,2,HHS Region 3,quantile,0.95,2018-02-17,9.239936873311537
2018-02-03,ili perc,2,HHS Region 3,quantile,0.975,2018-02-17,9.93833782748217
2018-02-03,ili perc,2,HHS Region 3,quantile,0.99,2018-02-17,10.616955437417625
2018-02-03,ili perc,3,HHS Region 3,quantile,0.01,2018-02-24,3.4854234857259523
2018-02-03,ili perc,3,HHS Region 3,quantile,0.025,2018-02-24,3.8540794552765147
2018-02-03,ili perc,3,HHS Region 3,quantile,0.05,2018-02-24,4.17028922050136
2018-02-03,ili perc,3,HHS Region 3,quantile,0.1,2018-02-24,4.592443968723835
2018-02-03,ili perc,3,HHS Region 3,quantile,0.15,2018-02-24,4.871771061658103
2018-02-03,ili perc,3,HHS Region 3,quantile,0.2,2018-02-24,5.07575522467147
2018-02-03,ili perc,3,HHS Region 3,quantile,0.25,2018-02-24,5.276911276471804
2018-02-03,ili perc,3,HHS Region 3,quantile,0.3,2018-02-24,5.473016765458489
2018-02-03,ili perc,3,HHS Region 3,quantile,0.35,2018-02-24,5.63149432938381
2018-02-03,ili perc,3,HHS Region 3,quantile,0.4,2018-02-24,5.807032012198658
2018-02-03,ili perc,3,HHS Region 3,quantile,0.45,2018-02-24,5.983225441013229
2018-02-03,ili perc,3,HHS Region 3,quantile,0.5,2018-02-24,6.131174057797529
2018-02-03,ili perc,3,HHS Region 3,quantile,0.55,2018-02-24,6.287873010047822
2018-02-03,ili perc,3,HHS Region 3,quantile,0.6,2018-02-24,6.4718277818392895
2018-02-03,ili perc,3,HHS Region 3,quantile,0.65,2018-02-24,6.6904974904988865
2018-02-03,ili perc,3,HHS Region 3,quantile,0.7,2018-02-24,6.8627902443650886
2018-02-03,ili perc,3,HHS Region 3,quantile,0.75,2018-02-24,7.094603620837617
2018-02-03,ili perc,3,HHS Region 3,quantile,0.8,2018-02-24,7.374656096882988
2018-02-03,ili perc,3,HHS Region 3,quantile,0.85,2018-02-24,7.7120127924024935
2018-02-03,ili perc,3,HHS Region 3,quantile,0.9,2018-02-24,8.216786616231325
2018-02-03,ili perc,3,HHS Region 3,quantile,0.95,2018-02-24,9.085751509431299
2018-02-03,ili perc,3,HHS Region 3,quantile,0.975,2018-02-24,9.8785347425872
2018-02-03,ili perc,3,HHS Region 3,quantile,0.99,2018-02-24,10.83487143515833
2018-02-03,ili perc,4,HHS Region 3,quantile,0.01,2018-03-03,2.8276517437558537
2018-02-03,ili perc,4,HHS Region 3,quantile,0.025,2018-03-03,3.3257385857067585
2018-02-03,ili perc,4,HHS Region 3,quantile,0.05,2018-03-03,3.6682446190273104
2018-02-03,ili perc,4,HHS Region 3,quantile,0.1,2018-03-03,4.078543745589564
2018-02-03,ili perc,4,HHS Region 3,quantile,0.15,2018-03-03,4.358120336901806
2018-02-03,ili perc,4,HHS Region 3,quantile,0.2,2018-03-03,4.583610749747954
2018-02-03,ili perc,4,HHS Region 3,quantile,0.25,2018-03-03,4.787343455998358
2018-02-03,ili perc,4,HHS Region 3,quantile,0.3,2018-03-03,4.952216733925021
2018-02-03,ili perc,4,HHS Region 3,quantile,0.35,2018-03-03,5.127627591209886
2018-02-03,ili perc,4,HHS Region 3,quantile,0.4,2018-03-03,5.333318697797271
2018-02-03,ili perc,4,HHS Region 3,quantile,0.45,2018-03-03,5.499403650141225
2018-02-03,ili perc,4,HHS Region 3,quantile,0.5,2018-03-03,5.673337612884399
2018-02-03,ili perc,4,HHS Region 3,quantile,0.55,2018-03-03,5.85878618535495
2018-02-03,ili perc,4,HHS Region 3,quantile,0.6,2018-03-03,6.052432114593803
2018-02-03,ili perc,4,HHS Region 3,quantile,0.65,2018-03-03,6.256951663672462
2018-02-03,ili perc,4,HHS Region 3,quantile,0.7,2018-03-03,6.481307471129928
2018-02-03,ili perc,4,HHS Region 3,quantile,0.75,2018-03-03,6.784000357775535
2018-02-03,ili perc,4,HHS Region 3,quantile,0.8,2018-03-03,7.098007416384809
2018-02-03,ili perc,4,HHS Region 3,quantile,0.85,2018-03-03,7.466883969181976
2018-02-03,ili perc,4,HHS Region 3,quantile,0.9,2018-03-03,7.948050830949276
2018-02-03,ili perc,4,HHS Region 3,quantile,0.95,2018-03-03,8.776757801088857
2018-02-03,ili perc,4,HHS Region 3,quantile,0.975,2018-03-03,9.442958307432383
2018-02-03,ili perc,4,HHS Region 3,quantile,0.99,2018-03-03,10.636004949598448
2018-02-03,ili perc,1,HHS Region 4,quantile,0.01,2018-02-10,5.437950572227202
2018-02-03,ili perc,1,HHS Region 4,quantile,0.025,2018-02-10,6.0163349890119555
2018-02-03,ili perc,1,HHS Region 4,quantile,0.05,2018-02-10,6.377101229035909
2018-02-03,ili perc,1,HHS Region 4,quantile,0.1,2018-02-10,6.710933299744865
2018-02-03,ili perc,1,HHS Region 4,quantile,0.15,2018-02-10,7.035013240582669
2018-02-03,ili perc,1,HHS Region 4,quantile,0.2,2018-02-10,7.2637861484754565
2018-02-03,ili perc,1,HHS Region 4,quantile,0.25,2018-02-10,7.4465163763238715
2018-02-03,ili perc,1,HHS Region 4,quantile,0.3,2018-02-10,7.633376215515436
2018-02-03,ili perc,1,HHS Region 4,quantile,0.35,2018-02-10,7.759328485534868
2018-02-03,ili perc,1,HHS Region 4,quantile,0.4,2018-02-10,7.901488348339129
2018-02-03,ili perc,1,HHS Region 4,quantile,0.45,2018-02-10,8.03165399877111
2018-02-03,ili perc,1,HHS Region 4,quantile,0.5,2018-02-10,8.177165877793595
2018-02-03,ili perc,1,HHS Region 4,quantile,0.55,2018-02-10,8.315109400224273
2018-02-03,ili perc,1,HHS Region 4,quantile,0.6,2018-02-10,8.459741536086266
2018-02-03,ili perc,1,HHS Region 4,quantile,0.65,2018-02-10,8.647832595857208
2018-02-03,ili perc,1,HHS Region 4,quantile,0.7,2018-02-10,8.853506247952378
2018-02-03,ili perc,1,HHS Region 4,quantile,0.75,2018-02-10,9.124759673630004
2018-02-03,ili perc,1,HHS Region 4,quantile,0.8,2018-02-10,9.385335778184562
2018-02-03,ili perc,1,HHS Region 4,quantile,0.85,2018-02-10,9.626425280841302
2018-02-03,ili perc,1,HHS Region 4,quantile,0.9,2018-02-10,9.976922934251123
2018-02-03,ili perc,1,HHS Region 4,quantile,0.95,2018-02-10,10.78204383117154
2018-02-03,ili perc,1,HHS Region 4,quantile,0.975,2018-02-10,11.817047154079967
2018-02-03,ili perc,1,HHS Region 4,quantile,0.99,2018-02-10,13.299077931725707
2018-02-03,ili perc,2,HHS Region 4,quantile,0.01,2018-02-17,4.546656483434751
2018-02-03,ili perc,2,HHS Region 4,quantile,0.025,2018-02-17,4.9967915615408005
2018-02-03,ili perc,2,HHS Region 4,quantile,0.05,2018-02-17,5.390862596359452
2018-02-03,ili perc,2,HHS Region 4,quantile,0.1,2018-02-17,5.898298417763308
2018-02-03,ili perc,2,HHS Region 4,quantile,0.15,2018-02-17,6.291253729098855
2018-02-03,ili perc,2,HHS Region 4,quantile,0.2,2018-02-17,6.639416437317657
2018-02-03,ili perc,2,HHS Region 4,quantile,0.25,2018-02-17,6.901075893896281
2018-02-03,ili perc,2,HHS Region 4,quantile,0.3,2018-02-17,7.10030508203688
2018-02-03,ili perc,2,HHS Region 4,quantile,0.35,2018-02-17,7.313115385250074
2018-02-03,ili perc,2,HHS Region 4,quantile,0.4,2018-02-17,7.534119994657981
2018-02-03,ili perc,2,HHS Region 4,quantile,0.45,2018-02-17,7.729031323274876
2018-02-03,ili perc,2,HHS Region 4,quantile,0.5,2018-02-17,7.964804157486822
2018-02-03,ili perc,2,HHS Region 4,quantile,0.55,2018-02-17,8.198377605065835
2018-02-03,ili perc,2,HHS Region 4,quantile,0.6,2018-02-17,8.451826218350226
2018-02-03,ili perc,2,HHS Region 4,quantile,0.65,2018-02-17,8.780043962505447
2018-02-03,ili perc,2,HHS Region 4,quantile,0.7,2018-02-17,9.076637075853583
2018-02-03,ili perc,2,HHS Region 4,quantile,0.75,2018-02-17,9.4446869618425
2018-02-03,ili perc,2,HHS Region 4,quantile,0.8,2018-02-17,9.836799128894064
2018-02-03,ili perc,2,HHS Region 4,quantile,0.85,2018-02-17,10.280156671440976
2018-02-03,ili perc,2,HHS Region 4,quantile,0.9,2018-02-17,10.874501311314436
2018-02-03,ili perc,2,HHS Region 4,quantile,0.95,2018-02-17,12.359402669670798
2018-02-03,ili perc,2,HHS Region 4,quantile,0.975,2018-02-17,13.816060845876606
2018-02-03,ili perc,2,HHS Region 4,quantile,0.99,2018-02-17,17.957110142995447
2018-02-03,ili perc,3,HHS Region 4,quantile,0.01,2018-02-24,3.693670523947074
2018-02-03,ili perc,3,HHS Region 4,quantile,0.025,2018-02-24,4.190171509988472
2018-02-03,ili perc,3,HHS Region 4,quantile,0.05,2018-02-24,4.6693237703128805
2018-02-03,ili perc,3,HHS Region 4,quantile,0.1,2018-02-24,5.266128743238812
2018-02-03,ili perc,3,HHS Region 4,quantile,0.15,2018-02-24,5.725271823494334
2018-02-03,ili perc,3,HHS Region 4,quantile,0.2,2018-02-24,6.109851843041764
2018-02-03,ili perc,3,HHS Region 4,quantile,0.25,2018-02-24,6.40122479658193
2018-02-03,ili perc,3,HHS Region 4,quantile,0.3,2018-02-24,6.656521940545321
2018-02-03,ili perc,3,HHS Region 4,quantile,0.35,2018-02-24,6.94760420453992
2018-02-03,ili perc,3,HHS Region 4,quantile,0.4,2018-02-24,7.200124595045785
2018-02-03,ili perc,3,HHS Region 4,quantile,0.45,2018-02-24,7.461696225900659
2018-02-03,ili perc,3,HHS Region 4,quantile,0.5,2018-02-24,7.766151844890842
2018-02-03,ili perc,3,HHS Region 4,quantile,0.55,2018-02-24,8.044319996610522
2018-02-03,ili perc,3,HHS Region 4,quantile,0.6,2018-02-24,8.396579543307382
2018-02-03,ili perc,3,HHS Region 4,quantile,0.65,2018-02-24,8.698416712257066
2018-02-03,ili perc,3,HHS Region 4,quantile,0.7,2018-02-24,9.052387260273209
2018-02-03,ili perc,3,HHS Region 4,quantile,0.75,2018-02-24,9.503680203174127
2018-02-03,ili perc,3,HHS Region 4,quantile,0.8,2018-02-24,10.020928061269933
2018-02-03,ili perc,3,HHS Region 4,quantile,0.85,2018-02-24,10.673412960712039
2018-02-03,ili perc,3,HHS Region 4,quantile,0.9,2018-02-24,11.679233695641166
2018-02-03,ili perc,3,HHS Region 4,quantile,0.95,2018-02-24,13.59170957555156
2018-02-03,ili perc,3,HHS Region 4,quantile,0.975,2018-02-24,16.21248160127777
2018-02-03,ili perc,3,HHS Region 4,quantile,0.99,2018-02-24,20.302522489544533
2018-02-03,ili perc,4,HHS Region 4,quantile,0.01,2018-03-03,3.070913069942377
2018-02-03,ili perc,4,HHS Region 4,quantile,0.025,2018-03-03,3.574125982284389
2018-02-03,ili perc,4,HHS Region 4,quantile,0.05,2018-03-03,4.040595353153689
2018-02-03,ili perc,4,HHS Region 4,quantile,0.1,2018-03-03,4.701167394883882
2018-02-03,ili perc,4,HHS Region 4,quantile,0.15,2018-03-03,5.203960963896045
2018-02-03,ili perc,4,HHS Region 4,quantile,0.2,2018-03-03,5.604647217778891
2018-02-03,ili perc,4,HHS Region 4,quantile,0.25,2018-03-03,5.963657543867866
2018-02-03,ili perc,4,HHS Region 4,quantile,0.3,2018-03-03,6.3260904853787245
2018-02-03,ili perc,4,HHS Region 4,quantile,0.35,2018-03-03,6.658015263861378
2018-02-03,ili perc,4,HHS Region 4,quantile,0.4,2018-03-03,7.031111169236671
2018-02-03,ili perc,4,HHS Region 4,quantile,0.45,2018-03-03,7.348042829306237
2018-02-03,ili perc,4,HHS Region 4,quantile,0.5,2018-03-03,7.722464406472253
2018-02-03,ili perc,4,HHS Region 4,quantile,0.55,2018-03-03,8.068070990030014
2018-02-03,ili perc,4,HHS Region 4,quantile,0.6,2018-03-03,8.458738592463472
2018-02-03,ili perc,4,HHS Region 4,quantile,0.65,2018-03-03,8.870184127335207
2018-02-03,ili perc,4,HHS Region 4,quantile,0.7,2018-03-03,9.333801248096833
2018-02-03,ili perc,4,HHS Region 4,quantile,0.75,2018-03-03,9.932935231755211
2018-02-03,ili perc,4,HHS Region 4,quantile,0.8,2018-03-03,10.495492618246272
2018-02-03,ili perc,4,HHS Region 4,quantile,0.85,2018-03-03,11.486897079912671
2018-02-03,ili perc,4,HHS Region 4,quantile,0.9,2018-03-03,12.737478380708916
2018-02-03,ili perc,4,HHS Region 4,quantile,0.95,2018-03-03,15.01140528205759
2018-02-03,ili perc,4,HHS Region 4,quantile,0.975,2018-03-03,18.724078614658588
2018-02-03,ili perc,4,HHS Region 4,quantile,0.99,2018-03-03,23.37643279497825
2018-02-03,ili perc,1,HHS Region 5,quantile,0.01,2018-02-10,3.5295933361749703
2018-02-03,ili perc,1,HHS Region 5,quantile,0.025,2018-02-10,3.810832918348061
2018-02-03,ili perc,1,HHS Region 5,quantile,0.05,2018-02-10,4.023128950745366
2018-02-03,ili perc,1,HHS Region 5,quantile,0.1,2018-02-10,4.292811680655186
2018-02-03,ili perc,1,HHS Region 5,quantile,0.15,2018-02-10,4.464508378477094
2018-02-03,ili perc,1,HHS Region 5,quantile,0.2,2018-02-10,4.555906083644375
2018-02-03,ili perc,1,HHS Region 5,quantile,0.25,2018-02-10,4.656629218391099
2018-02-03,ili perc,1,HHS Region 5,quantile,0.3,2018-02-10,4.762865838326255
2018-02-03,ili perc,1,HHS Region 5,quantile,0.35,2018-02-10,4.8387868378763885
2018-02-03,ili perc,1,HHS Region 5,quantile,0.4,2018-02-10,4.912742467856562
2018-02-03,ili perc,1,HHS Region 5,quantile,0.45,2018-02-10,4.988985045395688
2018-02-03,ili perc,1,HHS Region 5,quantile,0.5,2018-02-10,5.069712221960459
2018-02-03,ili perc,1,HHS Region 5,quantile,0.55,2018-02-10,5.138361100010954
2018-02-03,ili perc,1,HHS Region 5,quantile,0.6,2018-02-10,5.2215935366794435
2018-02-03,ili perc,1,HHS Region 5,quantile,0.65,2018-02-10,5.323658476440455
2018-02-03,ili perc,1,HHS Region 5,quantile,0.7,2018-02-10,5.436641287056266
2018-02-03,ili perc,1,HHS Region 5,quantile,0.75,2018-02-10,5.527031918436557
2018-02-03,ili perc,1,HHS Region 5,quantile,0.8,2018-02-10,5.657936875864816
2018-02-03,ili perc,1,HHS Region 5,quantile,0.85,2018-02-10,5.7966503166589876
2018-02-03,ili perc,1,HHS Region 5,quantile,0.9,2018-02-10,6.066701947573962
2018-02-03,ili perc,1,HHS Region 5,quantile,0.95,2018-02-10,6.37608049368032
2018-02-03,ili perc,1,HHS Region 5,quantile,0.975,2018-02-10,6.732446994517
2018-02-03,ili perc,1,HHS Region 5,quantile,0.99,2018-02-10,7.314228892399712
2018-02-03,ili perc,2,HHS Region 5,quantile,0.01,2018-02-17,2.760840701399757
2018-02-03,ili perc,2,HHS Region 5,quantile,0.025,2018-02-17,3.0530166442575233
2018-02-03,ili perc,2,HHS Region 5,quantile,0.05,2018-02-17,3.3168838623912937
2018-02-03,ili perc,2,HHS Region 5,quantile,0.1,2018-02-17,3.602186899789034
2018-02-03,ili perc,2,HHS Region 5,quantile,0.15,2018-02-17,3.7986642473051457
2018-02-03,ili perc,2,HHS Region 5,quantile,0.2,2018-02-17,3.9959663266561867
2018-02-03,ili perc,2,HHS Region 5,quantile,0.25,2018-02-17,4.1423754043600525
2018-02-03,ili perc,2,HHS Region 5,quantile,0.3,2018-02-17,4.2573257771741915
2018-02-03,ili perc,2,HHS Region 5,quantile,0.35,2018-02-17,4.387401965728746
2018-02-03,ili perc,2,HHS Region 5,quantile,0.4,2018-02-17,4.503903226244874
2018-02-03,ili perc,2,HHS Region 5,quantile,0.45,2018-02-17,4.606017221337994
2018-02-03,ili perc,2,HHS Region 5,quantile,0.5,2018-02-17,4.72631763047663
2018-02-03,ili perc,2,HHS Region 5,quantile,0.55,2018-02-17,4.82130416348881
2018-02-03,ili perc,2,HHS Region 5,quantile,0.6,2018-02-17,4.948770622754013
2018-02-03,ili perc,2,HHS Region 5,quantile,0.65,2018-02-17,5.089119066054256
2018-02-03,ili perc,2,HHS Region 5,quantile,0.7,2018-02-17,5.211971487241948
2018-02-03,ili perc,2,HHS Region 5,quantile,0.75,2018-02-17,5.362078405123511
2018-02-03,ili perc,2,HHS Region 5,quantile,0.8,2018-02-17,5.59073205123583
2018-02-03,ili perc,2,HHS Region 5,quantile,0.85,2018-02-17,5.784381216959348
2018-02-03,ili perc,2,HHS Region 5,quantile,0.9,2018-02-17,6.1557413816104
2018-02-03,ili perc,2,HHS Region 5,quantile,0.95,2018-02-17,6.6514899731625805
2018-02-03,ili perc,2,HHS Region 5,quantile,0.975,2018-02-17,7.177405254489734
2018-02-03,ili perc,2,HHS Region 5,quantile,0.99,2018-02-17,8.142485798882555
2018-02-03,ili perc,3,HHS Region 5,quantile,0.01,2018-02-24,2.1974406139794196
2018-02-03,ili perc,3,HHS Region 5,quantile,0.025,2018-02-24,2.456764184633234
2018-02-03,ili perc,3,HHS Region 5,quantile,0.05,2018-02-24,2.6675892972026367
2018-02-03,ili perc,3,HHS Region 5,quantile,0.1,2018-02-24,2.9490591696328883
2018-02-03,ili perc,3,HHS Region 5,quantile,0.15,2018-02-24,3.214542002579553
2018-02-03,ili perc,3,HHS Region 5,quantile,0.2,2018-02-24,3.387810815442987
2018-02-03,ili perc,3,HHS Region 5,quantile,0.25,2018-02-24,3.5359600619246283
2018-02-03,ili perc,3,HHS Region 5,quantile,0.3,2018-02-24,3.6962008827486845
2018-02-03,ili perc,3,HHS Region 5,quantile,0.35,2018-02-24,3.8280264248025873
2018-02-03,ili perc,3,HHS Region 5,quantile,0.4,2018-02-24,3.955117052661263
2018-02-03,ili perc,3,HHS Region 5,quantile,0.45,2018-02-24,4.0870972141457544
2018-02-03,ili perc,3,HHS Region 5,quantile,0.5,2018-02-24,4.217476861127104
2018-02-03,ili perc,3,HHS Region 5,quantile,0.55,2018-02-24,4.349379124882304
2018-02-03,ili perc,3,HHS Region 5,quantile,0.6,2018-02-24,4.508206874167991
2018-02-03,ili perc,3,HHS Region 5,quantile,0.65,2018-02-24,4.666593163236283
2018-02-03,ili perc,3,HHS Region 5,quantile,0.7,2018-02-24,4.81712874359538
2018-02-03,ili perc,3,HHS Region 5,quantile,0.75,2018-02-24,4.986550619372014
2018-02-03,ili perc,3,HHS Region 5,quantile,0.8,2018-02-24,5.234052418107715
2018-02-03,ili perc,3,HHS Region 5,quantile,0.85,2018-02-24,5.504339366221285
2018-02-03,ili perc,3,HHS Region 5,quantile,0.9,2018-02-24,5.867063169257624
2018-02-03,ili perc,3,HHS Region 5,quantile,0.95,2018-02-24,6.582407735316856
2018-02-03,ili perc,3,HHS Region 5,quantile,0.975,2018-02-24,7.299543984959635
2018-02-03,ili perc,3,HHS Region 5,quantile,0.99,2018-02-24,8.25492804287699
2018-02-03,ili perc,4,HHS Region 5,quantile,0.01,2018-03-03,1.760062482003093
2018-02-03,ili perc,4,HHS Region 5,quantile,0.025,2018-03-03,2.0154036706201124
2018-02-03,ili perc,4,HHS Region 5,quantile,0.05,2018-03-03,2.2495203517690014
2018-02-03,ili perc,4,HHS Region 5,quantile,0.1,2018-03-03,2.540917653128531
2018-02-03,ili perc,4,HHS Region 5,quantile,0.15,2018-03-03,2.784225132912308
2018-02-03,ili perc,4,HHS Region 5,quantile,0.2,2018-03-03,2.9615004900197763
2018-02-03,ili perc,4,HHS Region 5,quantile,0.25,2018-03-03,3.119883511999804
2018-02-03,ili perc,4,HHS Region 5,quantile,0.3,2018-03-03,3.277799434820982
2018-02-03,ili perc,4,HHS Region 5,quantile,0.35,2018-03-03,3.4164287719249242
2018-02-03,ili perc,4,HHS Region 5,quantile,0.4,2018-03-03,3.575376078827994
2018-02-03,ili perc,4,HHS Region 5,quantile,0.45,2018-03-03,3.7015864739034425
2018-02-03,ili perc,4,HHS Region 5,quantile,0.5,2018-03-03,3.8628079140283424
2018-02-03,ili perc,4,HHS Region 5,quantile,0.55,2018-03-03,4.007689538688601
2018-02-03,ili perc,4,HHS Region 5,quantile,0.6,2018-03-03,4.138259006333951
2018-02-03,ili perc,4,HHS Region 5,quantile,0.65,2018-03-03,4.29630942940406
2018-02-03,ili perc,4,HHS Region 5,quantile,0.7,2018-03-03,4.465138252914027
2018-02-03,ili perc,4,HHS Region 5,quantile,0.75,2018-03-03,4.651170743996907
2018-02-03,ili perc,4,HHS Region 5,quantile,0.8,2018-03-03,4.9063642720501734
2018-02-03,ili perc,4,HHS Region 5,quantile,0.85,2018-03-03,5.195360051292056
2018-02-03,ili perc,4,HHS Region 5,quantile,0.9,2018-03-03,5.6511466519897695
2018-02-03,ili perc,4,HHS Region 5,quantile,0.95,2018-03-03,6.383636985562405
2018-02-03,ili perc,4,HHS Region 5,quantile,0.975,2018-03-03,7.2331058858157
2018-02-03,ili perc,4,HHS Region 5,quantile,0.99,2018-03-03,8.297599880601695
2018-02-03,ili perc,1,HHS Region 6,quantile,0.01,2018-02-10,8.022581926304099
2018-02-03,ili perc,1,HHS Region 6,quantile,0.025,2018-02-10,8.401221627017149
2018-02-03,ili perc,1,HHS Region 6,quantile,0.05,2018-02-10,8.903860198086283
2018-02-03,ili perc,1,HHS Region 6,quantile,0.1,2018-02-10,9.416294407799185
2018-02-03,ili perc,1,HHS Region 6,quantile,0.15,2018-02-10,9.699227470016178
2018-02-03,ili perc,1,HHS Region 6,quantile,0.2,2018-02-10,9.986146553704632
2018-02-03,ili perc,1,HHS Region 6,quantile,0.25,2018-02-10,10.185342182016758
2018-02-03,ili perc,1,HHS Region 6,quantile,0.3,2018-02-10,10.357153154620345
2018-02-03,ili perc,1,HHS Region 6,quantile,0.35,2018-02-10,10.537962472544248
2018-02-03,ili perc,1,HHS Region 6,quantile,0.4,2018-02-10,10.666455780488505
2018-02-03,ili perc,1,HHS Region 6,quantile,0.45,2018-02-10,10.812223278870103
2018-02-03,ili perc,1,HHS Region 6,quantile,0.5,2018-02-10,10.959750433436358
2018-02-03,ili perc,1,HHS Region 6,quantile,0.55,2018-02-10,11.089175263030613
2018-02-03,ili perc,1,HHS Region 6,quantile,0.6,2018-02-10,11.26841376083938
2018-02-03,ili perc,1,HHS Region 6,quantile,0.65,2018-02-10,11.410192332588577
2018-02-03,ili perc,1,HHS Region 6,quantile,0.7,2018-02-10,11.564726427138588
2018-02-03,ili perc,1,HHS Region 6,quantile,0.75,2018-02-10,11.762719041695018
2018-02-03,ili perc,1,HHS Region 6,quantile,0.8,2018-02-10,12.024889410093177
2018-02-03,ili perc,1,HHS Region 6,quantile,0.85,2018-02-10,12.359134162443722
2018-02-03,ili perc,1,HHS Region 6,quantile,0.9,2018-02-10,12.751700905422762
2018-02-03,ili perc,1,HHS Region 6,quantile,0.95,2018-02-10,13.477208742823965
2018-02-03,ili perc,1,HHS Region 6,quantile,0.975,2018-02-10,14.162464457872874
2018-02-03,ili perc,1,HHS Region 6,quantile,0.99,2018-02-10,15.556807693312395
2018-02-03,ili perc,2,HHS Region 6,quantile,0.01,2018-02-17,6.155508854563187
2018-02-03,ili perc,2,HHS Region 6,quantile,0.025,2018-02-17,6.6501344563006475
2018-02-03,ili perc,2,HHS Region 6,quantile,0.05,2018-02-17,7.150548941046285
2018-02-03,ili perc,2,HHS Region 6,quantile,0.1,2018-02-17,7.641664075131561
2018-02-03,ili perc,2,HHS Region 6,quantile,0.15,2018-02-17,8.021849188806204
2018-02-03,ili perc,2,HHS Region 6,quantile,0.2,2018-02-17,8.308733151191943
2018-02-03,ili perc,2,HHS Region 6,quantile,0.25,2018-02-17,8.590113737532645
2018-02-03,ili perc,2,HHS Region 6,quantile,0.3,2018-02-17,8.780680064721816
2018-02-03,ili perc,2,HHS Region 6,quantile,0.35,2018-02-17,8.988908688993087
2018-02-03,ili perc,2,HHS Region 6,quantile,0.4,2018-02-17,9.174160407124885
2018-02-03,ili perc,2,HHS Region 6,quantile,0.45,2018-02-17,9.35768682505194
2018-02-03,ili perc,2,HHS Region 6,quantile,0.5,2018-02-17,9.546416887366496
2018-02-03,ili perc,2,HHS Region 6,quantile,0.55,2018-02-17,9.734531083204152
2018-02-03,ili perc,2,HHS Region 6,quantile,0.6,2018-02-17,9.914879775707336
2018-02-03,ili perc,2,HHS Region 6,quantile,0.65,2018-02-17,10.130636844026322
2018-02-03,ili perc,2,HHS Region 6,quantile,0.7,2018-02-17,10.36073586043201
2018-02-03,ili perc,2,HHS Region 6,quantile,0.75,2018-02-17,10.630177843989932
2018-02-03,ili perc,2,HHS Region 6,quantile,0.8,2018-02-17,10.911190299890942
2018-02-03,ili perc,2,HHS Region 6,quantile,0.85,2018-02-17,11.278883002607564
2018-02-03,ili perc,2,HHS Region 6,quantile,0.9,2018-02-17,11.779268341109423
2018-02-03,ili perc,2,HHS Region 6,quantile,0.95,2018-02-17,12.691512473906874
2018-02-03,ili perc,2,HHS Region 6,quantile,0.975,2018-02-17,13.70916153855568
2018-02-03,ili perc,2,HHS Region 6,quantile,0.99,2018-02-17,15.096747457184748
2018-02-03,ili perc,3,HHS Region 6,quantile,0.01,2018-02-24,4.697942409806186
2018-02-03,ili perc,3,HHS Region 6,quantile,0.025,2018-02-24,5.1271620815831644
2018-02-03,ili perc,3,HHS Region 6,quantile,0.05,2018-02-24,5.562278625760532
2018-02-03,ili perc,3,HHS Region 6,quantile,0.1,2018-02-24,6.147427673651583
2018-02-03,ili perc,3,HHS Region 6,quantile,0.15,2018-02-24,6.424094110639438
2018-02-03,ili perc,3,HHS Region 6,quantile,0.2,2018-02-24,6.709079323713177
2018-02-03,ili perc,3,HHS Region 6,quantile,0.25,2018-02-24,6.956977133319723
2018-02-03,ili perc,3,HHS Region 6,quantile,0.3,2018-02-24,7.174413560999416
2018-02-03,ili perc,3,HHS Region 6,quantile,0.35,2018-02-24,7.375199675742115
2018-02-03,ili perc,3,HHS Region 6,quantile,0.4,2018-02-24,7.574351411451007
2018-02-03,ili perc,3,HHS Region 6,quantile,0.45,2018-02-24,7.815323728204241
2018-02-03,ili perc,3,HHS Region 6,quantile,0.5,2018-02-24,8.029369916348612
2018-02-03,ili perc,3,HHS Region 6,quantile,0.55,2018-02-24,8.225764235610376
2018-02-03,ili perc,3,HHS Region 6,quantile,0.6,2018-02-24,8.442791103770602
2018-02-03,ili perc,3,HHS Region 6,quantile,0.65,2018-02-24,8.651284678026085
2018-02-03,ili perc,3,HHS Region 6,quantile,0.7,2018-02-24,8.911545447611902
2018-02-03,ili perc,3,HHS Region 6,quantile,0.75,2018-02-24,9.21434380809306
2018-02-03,ili perc,3,HHS Region 6,quantile,0.8,2018-02-24,9.575967026550515
2018-02-03,ili perc,3,HHS Region 6,quantile,0.85,2018-02-24,9.994416865447851
2018-02-03,ili perc,3,HHS Region 6,quantile,0.9,2018-02-24,10.616903740867842
2018-02-03,ili perc,3,HHS Region 6,quantile,0.95,2018-02-24,11.605034962393182
2018-02-03,ili perc,3,HHS Region 6,quantile,0.975,2018-02-24,12.49645676928572
2018-02-03,ili perc,3,HHS Region 6,quantile,0.99,2018-02-24,14.236228911704481
2018-02-03,ili perc,4,HHS Region 6,quantile,0.01,2018-03-03,3.760934660372396
2018-02-03,ili perc,4,HHS Region 6,quantile,0.025,2018-03-03,4.177144402239732
2018-02-03,ili perc,4,HHS Region 6,quantile,0.05,2018-03-03,4.547850346692345
2018-02-03,ili perc,4,HHS Region 6,quantile,0.1,2018-03-03,4.999708090913997
2018-02-03,ili perc,4,HHS Region 6,quantile,0.15,2018-03-03,5.354971800566785
2018-02-03,ili perc,4,HHS Region 6,quantile,0.2,2018-03-03,5.6051609563491755
2018-02-03,ili perc,4,HHS Region 6,quantile,0.25,2018-03-03,5.831413820863358
2018-02-03,ili perc,4,HHS Region 6,quantile,0.3,2018-03-03,6.065760621536108
2018-02-03,ili perc,4,HHS Region 6,quantile,0.35,2018-03-03,6.262691107040247
2018-02-03,ili perc,4,HHS Region 6,quantile,0.4,2018-03-03,6.486914226857418
2018-02-03,ili perc,4,HHS Region 6,quantile,0.45,2018-03-03,6.680509743701906
2018-02-03,ili perc,4,HHS Region 6,quantile,0.5,2018-03-03,6.895730637816831
2018-02-03,ili perc,4,HHS Region 6,quantile,0.55,2018-03-03,7.135099538265925
2018-02-03,ili perc,4,HHS Region 6,quantile,0.6,2018-03-03,7.357550255959905
2018-02-03,ili perc,4,HHS Region 6,quantile,0.65,2018-03-03,7.609230126357536
2018-02-03,ili perc,4,HHS Region 6,quantile,0.7,2018-03-03,7.887964271052838
2018-02-03,ili perc,4,HHS Region 6,quantile,0.75,2018-03-03,8.202035670767923
2018-02-03,ili perc,4,HHS Region 6,quantile,0.8,2018-03-03,8.544312478429982
2018-02-03,ili perc,4,HHS Region 6,quantile,0.85,2018-03-03,8.99052463335605
2018-02-03,ili perc,4,HHS Region 6,quantile,0.9,2018-03-03,9.639061325747592
2018-02-03,ili perc,4,HHS Region 6,quantile,0.95,2018-03-03,10.669139648374003
2018-02-03,ili perc,4,HHS Region 6,quantile,0.975,2018-03-03,11.710604286242976
2018-02-03,ili perc,4,HHS Region 6,quantile,0.99,2018-03-03,13.44532249912931
2018-02-03,ili perc,1,HHS Region 7,quantile,0.01,2018-02-10,4.832300363803595
2018-02-03,ili perc,1,HHS Region 7,quantile,0.025,2018-02-10,5.313439738364473
2018-02-03,ili perc,1,HHS Region 7,quantile,0.05,2018-02-10,5.7083842432445255
2018-02-03,ili perc,1,HHS Region 7,quantile,0.1,2018-02-10,6.106176790351446
2018-02-03,ili perc,1,HHS Region 7,quantile,0.15,2018-02-10,6.354932804633564
2018-02-03,ili perc,1,HHS Region 7,quantile,0.2,2018-02-10,6.557870267512537
2018-02-03,ili perc,1,HHS Region 7,quantile,0.25,2018-02-10,6.727694989217651
2018-02-03,ili perc,1,HHS Region 7,quantile,0.3,2018-02-10,6.910780217568609
2018-02-03,ili perc,1,HHS Region 7,quantile,0.35,2018-02-10,7.051661524648223
2018-02-03,ili perc,1,HHS Region 7,quantile,0.4,2018-02-10,7.233352749821821
2018-02-03,ili perc,1,HHS Region 7,quantile,0.45,2018-02-10,7.376295435559796
2018-02-03,ili perc,1,HHS Region 7,quantile,0.5,2018-02-10,7.494369383887716
2018-02-03,ili perc,1,HHS Region 7,quantile,0.55,2018-02-10,7.64987274017081
2018-02-03,ili perc,1,HHS Region 7,quantile,0.6,2018-02-10,7.799676893911679
2018-02-03,ili perc,1,HHS Region 7,quantile,0.65,2018-02-10,7.960605271517809
2018-02-03,ili perc,1,HHS Region 7,quantile,0.7,2018-02-10,8.140923670082488
2018-02-03,ili perc,1,HHS Region 7,quantile,0.75,2018-02-10,8.380064192721406
2018-02-03,ili perc,1,HHS Region 7,quantile,0.8,2018-02-10,8.54909172555756
2018-02-03,ili perc,1,HHS Region 7,quantile,0.85,2018-02-10,8.858057571650502
2018-02-03,ili perc,1,HHS Region 7,quantile,0.9,2018-02-10,9.37170851208472
2018-02-03,ili perc,1,HHS Region 7,quantile,0.95,2018-02-10,9.998318777801211
2018-02-03,ili perc,1,HHS Region 7,quantile,0.975,2018-02-10,10.602479968819988
2018-02-03,ili perc,1,HHS Region 7,quantile,0.99,2018-02-10,13.233270365124145
2018-02-03,ili perc,2,HHS Region 7,quantile,0.01,2018-02-17,3.230512669296485
2018-02-03,ili perc,2,HHS Region 7,quantile,0.025,2018-02-17,4.05464389534484
2018-02-03,ili perc,2,HHS Region 7,quantile,0.05,2018-02-17,4.4375418027149465
2018-02-03,ili perc,2,HHS Region 7,quantile,0.1,2018-02-17,4.971111065438698
2018-02-03,ili perc,2,HHS Region 7,quantile,0.15,2018-02-17,5.275956080864026
2018-02-03,ili perc,2,HHS Region 7,quantile,0.2,2018-02-17,5.5465891699319565
2018-02-03,ili perc,2,HHS Region 7,quantile,0.25,2018-02-17,5.760089215032712
2018-02-03,ili perc,2,HHS Region 7,quantile,0.3,2018-02-17,5.953578657989722
2018-02-03,ili perc,2,HHS Region 7,quantile,0.35,2018-02-17,6.135961699710179
2018-02-03,ili perc,2,HHS Region 7,quantile,0.4,2018-02-17,6.336379073078395
2018-02-03,ili perc,2,HHS Region 7,quantile,0.45,2018-02-17,6.5111530670958615
2018-02-03,ili perc,2,HHS Region 7,quantile,0.5,2018-02-17,6.669742433170965
2018-02-03,ili perc,2,HHS Region 7,quantile,0.55,2018-02-17,6.860025484363354
2018-02-03,ili perc,2,HHS Region 7,quantile,0.6,2018-02-17,7.07588377491623
2018-02-03,ili perc,2,HHS Region 7,quantile,0.65,2018-02-17,7.302239829176326
2018-02-03,ili perc,2,HHS Region 7,quantile,0.7,2018-02-17,7.530017468282355
2018-02-03,ili perc,2,HHS Region 7,quantile,0.75,2018-02-17,7.830985546089355
2018-02-03,ili perc,2,HHS Region 7,quantile,0.8,2018-02-17,8.163838058163279
2018-02-03,ili perc,2,HHS Region 7,quantile,0.85,2018-02-17,8.511577051158193
2018-02-03,ili perc,2,HHS Region 7,quantile,0.9,2018-02-17,9.03604337923373
2018-02-03,ili perc,2,HHS Region 7,quantile,0.95,2018-02-17,10.151798342033526
2018-02-03,ili perc,2,HHS Region 7,quantile,0.975,2018-02-17,11.42644890007358
2018-02-03,ili perc,2,HHS Region 7,quantile,0.99,2018-02-17,14.011804880976966
2018-02-03,ili perc,3,HHS Region 7,quantile,0.01,2018-02-24,2.577897163228392
2018-02-03,ili perc,3,HHS Region 7,quantile,0.025,2018-02-24,3.344763080553647
2018-02-03,ili perc,3,HHS Region 7,quantile,0.05,2018-02-24,3.7786050531684734
2018-02-03,ili perc,3,HHS Region 7,quantile,0.1,2018-02-24,4.350522893267709
2018-02-03,ili perc,3,HHS Region 7,quantile,0.15,2018-02-24,4.675357322093894
2018-02-03,ili perc,3,HHS Region 7,quantile,0.2,2018-02-24,4.943886969187548
2018-02-03,ili perc,3,HHS Region 7,quantile,0.25,2018-02-24,5.18321860606711
2018-02-03,ili perc,3,HHS Region 7,quantile,0.3,2018-02-24,5.411233155080967
2018-02-03,ili perc,3,HHS Region 7,quantile,0.35,2018-02-24,5.644099468878392
2018-02-03,ili perc,3,HHS Region 7,quantile,0.4,2018-02-24,5.857705564326858
2018-02-03,ili perc,3,HHS Region 7,quantile,0.45,2018-02-24,6.036796554852242
2018-02-03,ili perc,3,HHS Region 7,quantile,0.5,2018-02-24,6.242516798518298
2018-02-03,ili perc,3,HHS Region 7,quantile,0.55,2018-02-24,6.453180611695637
2018-02-03,ili perc,3,HHS Region 7,quantile,0.6,2018-02-24,6.683559701681415
2018-02-03,ili perc,3,HHS Region 7,quantile,0.65,2018-02-24,6.9283820833705345
2018-02-03,ili perc,3,HHS Region 7,quantile,0.7,2018-02-24,7.205815041196336
2018-02-03,ili perc,3,HHS Region 7,quantile,0.75,2018-02-24,7.467937897245387
2018-02-03,ili perc,3,HHS Region 7,quantile,0.8,2018-02-24,7.8144997368797
2018-02-03,ili perc,3,HHS Region 7,quantile,0.85,2018-02-24,8.27053648414737
2018-02-03,ili perc,3,HHS Region 7,quantile,0.9,2018-02-24,8.909625500749229
2018-02-03,ili perc,3,HHS Region 7,quantile,0.95,2018-02-24,10.159864280348708
2018-02-03,ili perc,3,HHS Region 7,quantile,0.975,2018-02-24,11.699002113662521
2018-02-03,ili perc,3,HHS Region 7,quantile,0.99,2018-02-24,13.488047711215309
2018-02-03,ili perc,4,HHS Region 7,quantile,0.01,2018-03-03,1.95382450361263
2018-02-03,ili perc,4,HHS Region 7,quantile,0.025,2018-03-03,2.698823224367378
2018-02-03,ili perc,4,HHS Region 7,quantile,0.05,2018-03-03,3.154158542558465
2018-02-03,ili perc,4,HHS Region 7,quantile,0.1,2018-03-03,3.7190499061711937
2018-02-03,ili perc,4,HHS Region 7,quantile,0.15,2018-03-03,4.054393465143011
2018-02-03,ili perc,4,HHS Region 7,quantile,0.2,2018-03-03,4.344614125023891
2018-02-03,ili perc,4,HHS Region 7,quantile,0.25,2018-03-03,4.572335331089245
2018-02-03,ili perc,4,HHS Region 7,quantile,0.3,2018-03-03,4.831404022490184
2018-02-03,ili perc,4,HHS Region 7,quantile,0.35,2018-03-03,5.04117791796338
2018-02-03,ili perc,4,HHS Region 7,quantile,0.4,2018-03-03,5.2506459345665055
2018-02-03,ili perc,4,HHS Region 7,quantile,0.45,2018-03-03,5.46601702602296
2018-02-03,ili perc,4,HHS Region 7,quantile,0.5,2018-03-03,5.71311134521942
2018-02-03,ili perc,4,HHS Region 7,quantile,0.55,2018-03-03,5.969385458528497
2018-02-03,ili perc,4,HHS Region 7,quantile,0.6,2018-03-03,6.22045667907286
2018-02-03,ili perc,4,HHS Region 7,quantile,0.65,2018-03-03,6.481973709591421
2018-02-03,ili perc,4,HHS Region 7,quantile,0.7,2018-03-03,6.788453413346129
2018-02-03,ili perc,4,HHS Region 7,quantile,0.75,2018-03-03,7.092390383612775
2018-02-03,ili perc,4,HHS Region 7,quantile,0.8,2018-03-03,7.477245362072216
2018-02-03,ili perc,4,HHS Region 7,quantile,0.85,2018-03-03,7.957084357904741
2018-02-03,ili perc,4,HHS Region 7,quantile,0.9,2018-03-03,8.659092030327795
2018-02-03,ili perc,4,HHS Region 7,quantile,0.95,2018-03-03,9.994799301546953
2018-02-03,ili perc,4,HHS Region 7,quantile,0.975,2018-03-03,11.579947914160634
2018-02-03,ili perc,4,HHS Region 7,quantile,0.99,2018-03-03,13.436377899880894
2018-02-03,ili perc,1,HHS Region 8,quantile,0.01,2018-02-10,1.8224735592976755
2018-02-03,ili perc,1,HHS Region 8,quantile,0.025,2018-02-10,2.0188836911048047
2018-02-03,ili perc,1,HHS Region 8,quantile,0.05,2018-02-10,2.1831387463881122
2018-02-03,ili perc,1,HHS Region 8,quantile,0.1,2018-02-10,2.4253832740007972
2018-02-03,ili perc,1,HHS Region 8,quantile,0.15,2018-02-10,2.5530654159619983
2018-02-03,ili perc,1,HHS Region 8,quantile,0.2,2018-02-10,2.6390206094724156
2018-02-03,ili perc,1,HHS Region 8,quantile,0.25,2018-02-10,2.695460874599963
2018-02-03,ili perc,1,HHS Region 8,quantile,0.3,2018-02-10,2.7604467700572237
2018-02-03,ili perc,1,HHS Region 8,quantile,0.35,2018-02-10,2.816300728603986
2018-02-03,ili perc,1,HHS Region 8,quantile,0.4,2018-02-10,2.869088651978018
2018-02-03,ili perc,1,HHS Region 8,quantile,0.45,2018-02-10,2.9314716782875783
2018-02-03,ili perc,1,HHS Region 8,quantile,0.5,2018-02-10,2.97656272694375
2018-02-03,ili perc,1,HHS Region 8,quantile,0.55,2018-02-10,3.0274195232195265
2018-02-03,ili perc,1,HHS Region 8,quantile,0.6,2018-02-10,3.0946102687871697
2018-02-03,ili perc,1,HHS Region 8,quantile,0.65,2018-02-10,3.1521438414857657
2018-02-03,ili perc,1,HHS Region 8,quantile,0.7,2018-02-10,3.2259997789267225
2018-02-03,ili perc,1,HHS Region 8,quantile,0.75,2018-02-10,3.305463843434664
2018-02-03,ili perc,1,HHS Region 8,quantile,0.8,2018-02-10,3.3979357284836755
2018-02-03,ili perc,1,HHS Region 8,quantile,0.85,2018-02-10,3.5267327076956234
2018-02-03,ili perc,1,HHS Region 8,quantile,0.9,2018-02-10,3.7006959394464682
2018-02-03,ili perc,1,HHS Region 8,quantile,0.95,2018-02-10,3.984245465609631
2018-02-03,ili perc,1,HHS Region 8,quantile,0.975,2018-02-10,4.328957283524235
2018-02-03,ili perc,1,HHS Region 8,quantile,0.99,2018-02-10,5.684112183594655
2018-02-03,ili perc,2,HHS Region 8,quantile,0.01,2018-02-17,1.5151250172557147
2018-02-03,ili perc,2,HHS Region 8,quantile,0.025,2018-02-17,1.7610981058461685
2018-02-03,ili perc,2,HHS Region 8,quantile,0.05,2018-02-17,1.9189512863564273
2018-02-03,ili perc,2,HHS Region 8,quantile,0.1,2018-02-17,2.1278458237202322
2018-02-03,ili perc,2,HHS Region 8,quantile,0.15,2018-02-17,2.2813837962480346
2018-02-03,ili perc,2,HHS Region 8,quantile,0.2,2018-02-17,2.3988576395924652
2018-02-03,ili perc,2,HHS Region 8,quantile,0.25,2018-02-17,2.508129762177847
2018-02-03,ili perc,2,HHS Region 8,quantile,0.3,2018-02-17,2.586578046721412
2018-02-03,ili perc,2,HHS Region 8,quantile,0.35,2018-02-17,2.6736636708641157
2018-02-03,ili perc,2,HHS Region 8,quantile,0.4,2018-02-17,2.748175377706098
2018-02-03,ili perc,2,HHS Region 8,quantile,0.45,2018-02-17,2.8122900819529213
2018-02-03,ili perc,2,HHS Region 8,quantile,0.5,2018-02-17,2.880738552163645
2018-02-03,ili perc,2,HHS Region 8,quantile,0.55,2018-02-17,2.96996556611485
2018-02-03,ili perc,2,HHS Region 8,quantile,0.6,2018-02-17,3.0477511253692073
2018-02-03,ili perc,2,HHS Region 8,quantile,0.65,2018-02-17,3.149037481983122
2018-02-03,ili perc,2,HHS Region 8,quantile,0.7,2018-02-17,3.2361237583815226
2018-02-03,ili perc,2,HHS Region 8,quantile,0.75,2018-02-17,3.3473082462760826
2018-02-03,ili perc,2,HHS Region 8,quantile,0.8,2018-02-17,3.493837231883057
2018-02-03,ili perc,2,HHS Region 8,quantile,0.85,2018-02-17,3.639951715293404
2018-02-03,ili perc,2,HHS Region 8,quantile,0.9,2018-02-17,3.864160046711821
2018-02-03,ili perc,2,HHS Region 8,quantile,0.95,2018-02-17,4.341399256028011
2018-02-03,ili perc,2,HHS Region 8,quantile,0.975,2018-02-17,5.0214958572040205
2018-02-03,ili perc,2,HHS Region 8,quantile,0.99,2018-02-17,6.343712634214115
2018-02-03,ili perc,3,HHS Region 8,quantile,0.01,2018-02-24,1.259389062124684
2018-02-03,ili perc,3,HHS Region 8,quantile,0.025,2018-02-24,1.4740048181243253
2018-02-03,ili perc,3,HHS Region 8,quantile,0.05,2018-02-24,1.6359681228977863
2018-02-03,ili perc,3,HHS Region 8,quantile,0.1,2018-02-24,1.8483763215206699
2018-02-03,ili perc,3,HHS Region 8,quantile,0.15,2018-02-24,2.0227829281777683
2018-02-03,ili perc,3,HHS Region 8,quantile,0.2,2018-02-24,2.1512841173953072
2018-02-03,ili perc,3,HHS Region 8,quantile,0.25,2018-02-24,2.254382221450018
2018-02-03,ili perc,3,HHS Region 8,quantile,0.3,2018-02-24,2.341465215384639
2018-02-03,ili perc,3,HHS Region 8,quantile,0.35,2018-02-24,2.425888836367999
2018-02-03,ili perc,3,HHS Region 8,quantile,0.4,2018-02-24,2.511851875122764
2018-02-03,ili perc,3,HHS Region 8,quantile,0.45,2018-02-24,2.5989411462518928
2018-02-03,ili perc,3,HHS Region 8,quantile,0.5,2018-02-24,2.684339269784672
2018-02-03,ili perc,3,HHS Region 8,quantile,0.55,2018-02-24,2.761200390756094
2018-02-03,ili perc,3,HHS Region 8,quantile,0.6,2018-02-24,2.8528757380463783
2018-02-03,ili perc,3,HHS Region 8,quantile,0.65,2018-02-24,2.9565641145942263
2018-02-03,ili perc,3,HHS Region 8,quantile,0.7,2018-02-24,3.0670321417598267
2018-02-03,ili perc,3,HHS Region 8,quantile,0.75,2018-02-24,3.1909402698390132
2018-02-03,ili perc,3,HHS Region 8,quantile,0.8,2018-02-24,3.355933940428752
2018-02-03,ili perc,3,HHS Region 8,quantile,0.85,2018-02-24,3.5279585975164083
2018-02-03,ili perc,3,HHS Region 8,quantile,0.9,2018-02-24,3.812086648996996
2018-02-03,ili perc,3,HHS Region 8,quantile,0.95,2018-02-24,4.413360600736105
2018-02-03,ili perc,3,HHS Region 8,quantile,0.975,2018-02-24,5.195510968056165
2018-02-03,ili perc,3,HHS Region 8,quantile,0.99,2018-02-24,6.504421629277188
2018-02-03,ili perc,4,HHS Region 8,quantile,0.01,2018-03-03,1.0683414763456773
2018-02-03,ili perc,4,HHS Region 8,quantile,0.025,2018-03-03,1.239332115477341
2018-02-03,ili perc,4,HHS Region 8,quantile,0.05,2018-03-03,1.4306015304417894
2018-02-03,ili perc,4,HHS Region 8,quantile,0.1,2018-03-03,1.6728782047098516
2018-02-03,ili perc,4,HHS Region 8,quantile,0.15,2018-03-03,1.8228577859910298
2018-02-03,ili perc,4,HHS Region 8,quantile,0.2,2018-03-03,1.9433083582244723
2018-02-03,ili perc,4,HHS Region 8,quantile,0.25,2018-03-03,2.0452422612176298
2018-02-03,ili perc,4,HHS Region 8,quantile,0.3,2018-03-03,2.1464911295558498
2018-02-03,ili perc,4,HHS Region 8,quantile,0.35,2018-03-03,2.242864253127715
2018-02-03,ili perc,4,HHS Region 8,quantile,0.4,2018-03-03,2.3257122661845906
2018-02-03,ili perc,4,HHS Region 8,quantile,0.45,2018-03-03,2.428862433907754
2018-02-03,ili perc,4,HHS Region 8,quantile,0.5,2018-03-03,2.5305839586367562
2018-02-03,ili perc,4,HHS Region 8,quantile,0.55,2018-03-03,2.6228428713449743
2018-02-03,ili perc,4,HHS Region 8,quantile,0.6,2018-03-03,2.7270177261753283
2018-02-03,ili perc,4,HHS Region 8,quantile,0.65,2018-03-03,2.8344762491495668
2018-02-03,ili perc,4,HHS Region 8,quantile,0.7,2018-03-03,2.951991582611765
2018-02-03,ili perc,4,HHS Region 8,quantile,0.75,2018-03-03,3.087838844391026
2018-02-03,ili perc,4,HHS Region 8,quantile,0.8,2018-03-03,3.241815931598776
2018-02-03,ili perc,4,HHS Region 8,quantile,0.85,2018-03-03,3.4918368956493437
2018-02-03,ili perc,4,HHS Region 8,quantile,0.9,2018-03-03,3.811055834515072
2018-02-03,ili perc,4,HHS Region 8,quantile,0.95,2018-03-03,4.49532376459683
2018-02-03,ili perc,4,HHS Region 8,quantile,0.975,2018-03-03,5.296392779154193
2018-02-03,ili perc,4,HHS Region 8,quantile,0.99,2018-03-03,6.702977948182625
2018-02-03,ili perc,1,HHS Region 9,quantile,0.01,2018-02-10,2.610852155343039
2018-02-03,ili perc,1,HHS Region 9,quantile,0.025,2018-02-10,2.905358663619511
2018-02-03,ili perc,1,HHS Region 9,quantile,0.05,2018-02-10,3.1311433188563464
2018-02-03,ili perc,1,HHS Region 9,quantile,0.1,2018-02-10,3.3429191243083416
2018-02-03,ili perc,1,HHS Region 9,quantile,0.15,2018-02-10,3.4966007791124643
2018-02-03,ili perc,1,HHS Region 9,quantile,0.2,2018-02-10,3.586764454318061
2018-02-03,ili perc,1,HHS Region 9,quantile,0.25,2018-02-10,3.6598341003285406
2018-02-03,ili perc,1,HHS Region 9,quantile,0.3,2018-02-10,3.7121457392051025
2018-02-03,ili perc,1,HHS Region 9,quantile,0.35,2018-02-10,3.765654075676849
2018-02-03,ili perc,1,HHS Region 9,quantile,0.4,2018-02-10,3.8152470486849213
2018-02-03,ili perc,1,HHS Region 9,quantile,0.45,2018-02-10,3.862345160703252
2018-02-03,ili perc,1,HHS Region 9,quantile,0.5,2018-02-10,3.9063112556137622
2018-02-03,ili perc,1,HHS Region 9,quantile,0.55,2018-02-10,3.95465901264304
2018-02-03,ili perc,1,HHS Region 9,quantile,0.6,2018-02-10,4.007070633284198
2018-02-03,ili perc,1,HHS Region 9,quantile,0.65,2018-02-10,4.058041976174618
2018-02-03,ili perc,1,HHS Region 9,quantile,0.7,2018-02-10,4.134137741529961
2018-02-03,ili perc,1,HHS Region 9,quantile,0.75,2018-02-10,4.2092672078726245
2018-02-03,ili perc,1,HHS Region 9,quantile,0.8,2018-02-10,4.291745423811393
2018-02-03,ili perc,1,HHS Region 9,quantile,0.85,2018-02-10,4.431657452217901
2018-02-03,ili perc,1,HHS Region 9,quantile,0.9,2018-02-10,4.6286030446790685
2018-02-03,ili perc,1,HHS Region 9,quantile,0.95,2018-02-10,4.982436836758649
2018-02-03,ili perc,1,HHS Region 9,quantile,0.975,2018-02-10,5.341201968107664
2018-02-03,ili perc,1,HHS Region 9,quantile,0.99,2018-02-10,5.764786720134849
2018-02-03,ili perc,2,HHS Region 9,quantile,0.01,2018-02-17,2.272480329146713
2018-02-03,ili perc,2,HHS Region 9,quantile,0.025,2018-02-17,2.525611394778919
2018-02-03,ili perc,2,HHS Region 9,quantile,0.05,2018-02-17,2.744764723207615
2018-02-03,ili perc,2,HHS Region 9,quantile,0.1,2018-02-17,2.9772279033172695
2018-02-03,ili perc,2,HHS Region 9,quantile,0.15,2018-02-17,3.1427381730401205
2018-02-03,ili perc,2,HHS Region 9,quantile,0.2,2018-02-17,3.25813933581221
2018-02-03,ili perc,2,HHS Region 9,quantile,0.25,2018-02-17,3.347240279655459
2018-02-03,ili perc,2,HHS Region 9,quantile,0.3,2018-02-17,3.4267744238887374
2018-02-03,ili perc,2,HHS Region 9,quantile,0.35,2018-02-17,3.502091365490417
2018-02-03,ili perc,2,HHS Region 9,quantile,0.4,2018-02-17,3.580448740703751
2018-02-03,ili perc,2,HHS Region 9,quantile,0.45,2018-02-17,3.6559156072640175
2018-02-03,ili perc,2,HHS Region 9,quantile,0.5,2018-02-17,3.729188499213457
2018-02-03,ili perc,2,HHS Region 9,quantile,0.55,2018-02-17,3.801977093213296
2018-02-03,ili perc,2,HHS Region 9,quantile,0.6,2018-02-17,3.8737695800327487
2018-02-03,ili perc,2,HHS Region 9,quantile,0.65,2018-02-17,3.9602066256893056
2018-02-03,ili perc,2,HHS Region 9,quantile,0.7,2018-02-17,4.064376463913711
2018-02-03,ili perc,2,HHS Region 9,quantile,0.75,2018-02-17,4.158415072261374
2018-02-03,ili perc,2,HHS Region 9,quantile,0.8,2018-02-17,4.295518656929294
2018-02-03,ili perc,2,HHS Region 9,quantile,0.85,2018-02-17,4.499467647105407
2018-02-03,ili perc,2,HHS Region 9,quantile,0.9,2018-02-17,4.723875825787179
2018-02-03,ili perc,2,HHS Region 9,quantile,0.95,2018-02-17,5.1901569351690675
2018-02-03,ili perc,2,HHS Region 9,quantile,0.975,2018-02-17,5.5316001449514
2018-02-03,ili perc,2,HHS Region 9,quantile,0.99,2018-02-17,6.337704628442798
2018-02-03,ili perc,3,HHS Region 9,quantile,0.01,2018-02-24,1.873669207284977
2018-02-03,ili perc,3,HHS Region 9,quantile,0.025,2018-02-24,2.1139505206803104
2018-02-03,ili perc,3,HHS Region 9,quantile,0.05,2018-02-24,2.3484038495140345
2018-02-03,ili perc,3,HHS Region 9,quantile,0.1,2018-02-24,2.5854308023324846
2018-02-03,ili perc,3,HHS Region 9,quantile,0.15,2018-02-24,2.7475231692586455
2018-02-03,ili perc,3,HHS Region 9,quantile,0.2,2018-02-24,2.872782700052808
2018-02-03,ili perc,3,HHS Region 9,quantile,0.25,2018-02-24,2.980734307385405
2018-02-03,ili perc,3,HHS Region 9,quantile,0.3,2018-02-24,3.0775770965821847
2018-02-03,ili perc,3,HHS Region 9,quantile,0.35,2018-02-24,3.1695269280572815
2018-02-03,ili perc,3,HHS Region 9,quantile,0.4,2018-02-24,3.2548315585847716
2018-02-03,ili perc,3,HHS Region 9,quantile,0.45,2018-02-24,3.359335787689432
2018-02-03,ili perc,3,HHS Region 9,quantile,0.5,2018-02-24,3.4307699262176468
2018-02-03,ili perc,3,HHS Region 9,quantile,0.55,2018-02-24,3.511114406510207
2018-02-03,ili perc,3,HHS Region 9,quantile,0.6,2018-02-24,3.598321026511793
2018-02-03,ili perc,3,HHS Region 9,quantile,0.65,2018-02-24,3.702186889089672
2018-02-03,ili perc,3,HHS Region 9,quantile,0.7,2018-02-24,3.8027653121128413
2018-02-03,ili perc,3,HHS Region 9,quantile,0.75,2018-02-24,3.9608977057621
2018-02-03,ili perc,3,HHS Region 9,quantile,0.8,2018-02-24,4.11182748329439
2018-02-03,ili perc,3,HHS Region 9,quantile,0.85,2018-02-24,4.287170566058086
2018-02-03,ili perc,3,HHS Region 9,quantile,0.9,2018-02-24,4.57238314109902
2018-02-03,ili perc,3,HHS Region 9,quantile,0.95,2018-02-24,5.019697555275955
2018-02-03,ili perc,3,HHS Region 9,quantile,0.975,2018-02-24,5.508130504088243
2018-02-03,ili perc,3,HHS Region 9,quantile,0.99,2018-02-24,6.2574191693345025
2018-02-03,ili perc,4,HHS Region 9,quantile,0.01,2018-03-03,1.532578176533762
2018-02-03,ili perc,4,HHS Region 9,quantile,0.025,2018-03-03,1.8252348864983665
2018-02-03,ili perc,4,HHS Region 9,quantile,0.05,2018-03-03,2.0256556487060737
2018-02-03,ili perc,4,HHS Region 9,quantile,0.1,2018-03-03,2.281757356964725
2018-02-03,ili perc,4,HHS Region 9,quantile,0.15,2018-03-03,2.4574311309353383
2018-02-03,ili perc,4,HHS Region 9,quantile,0.2,2018-03-03,2.6052438077626165
2018-02-03,ili perc,4,HHS Region 9,quantile,0.25,2018-03-03,2.726554013865907
2018-02-03,ili perc,4,HHS Region 9,quantile,0.3,2018-03-03,2.8365040241139066
2018-02-03,ili perc,4,HHS Region 9,quantile,0.35,2018-03-03,2.9380599518592563
2018-02-03,ili perc,4,HHS Region 9,quantile,0.4,2018-03-03,3.034157044512001
2018-02-03,ili perc,4,HHS Region 9,quantile,0.45,2018-03-03,3.1160020266999777
2018-02-03,ili perc,4,HHS Region 9,quantile,0.5,2018-03-03,3.2000895413986576
2018-02-03,ili perc,4,HHS Region 9,quantile,0.55,2018-03-03,3.2981687275672176
2018-02-03,ili perc,4,HHS Region 9,quantile,0.6,2018-03-03,3.4038858852168796
2018-02-03,ili perc,4,HHS Region 9,quantile,0.65,2018-03-03,3.5207868536993185
2018-02-03,ili perc,4,HHS Region 9,quantile,0.7,2018-03-03,3.6387408938469465
2018-02-03,ili perc,4,HHS Region 9,quantile,0.75,2018-03-03,3.779701201282631
2018-02-03,ili perc,4,HHS Region 9,quantile,0.8,2018-03-03,3.936234900815009
2018-02-03,ili perc,4,HHS Region 9,quantile,0.85,2018-03-03,4.1555224932294506
2018-02-03,ili perc,4,HHS Region 9,quantile,0.9,2018-03-03,4.463571631548722
2018-02-03,ili perc,4,HHS Region 9,quantile,0.95,2018-03-03,5.0296984581916195
2018-02-03,ili perc,4,HHS Region 9,quantile,0.975,2018-03-03,5.488759438194005
2018-02-03,ili perc,4,HHS Region 9,quantile,0.99,2018-03-03,6.164897929707406
2018-02-03,ili perc,1,US National,quantile,0.01,2018-02-10,4.806188338107185
2018-02-03,ili perc,1,US National,quantile,0.025,2018-02-10,5.236303258984018
2018-02-03,ili perc,1,US National,quantile,0.05,2018-02-10,5.4679803653841565
2018-02-03,ili perc,1,US National,quantile,0.1,2018-02-10,5.827241535715015
2018-02-03,ili perc,1,US National,quantile,0.15,2018-02-10,6.053591437415754
2018-02-03,ili perc,1,US National,quantile,0.2,2018-02-10,6.209538344970623
2018-02-03,ili perc,1,US National,quantile,0.25,2018-02-10,6.364404189154655
2018-02-03,ili perc,1,US National,quantile,0.3,2018-02-10,6.4723028406243355
2018-02-03,ili perc,1,US National,quantile,0.35,2018-02-10,6.565821460116336
2018-02-03,ili perc,1,US National,quantile,0.4,2018-02-10,6.657329212424285
2018-02-03,ili perc,1,US National,quantile,0.45,2018-02-10,6.7406557195083865
2018-02-03,ili perc,1,US National,quantile,0.5,2018-02-10,6.831902646311791
2018-02-03,ili perc,1,US National,quantile,0.55,2018-02-10,6.9411833207333
2018-02-03,ili perc,1,US National,quantile,0.6,2018-02-10,7.052865865053434
2018-02-03,ili perc,1,US National,quantile,0.65,2018-02-10,7.148178367291726
2018-02-03,ili perc,1,US National,quantile,0.7,2018-02-10,7.257932653569369
2018-02-03,ili perc,1,US National,quantile,0.75,2018-02-10,7.41655203099917
2018-02-03,ili perc,1,US National,quantile,0.8,2018-02-10,7.566781587768675
2018-02-03,ili perc,1,US National,quantile,0.85,2018-02-10,7.760664551601038
2018-02-03,ili perc,1,US National,quantile,0.9,2018-02-10,8.059656012424362
2018-02-03,ili perc,1,US National,quantile,0.95,2018-02-10,8.501699091851515
2018-02-03,ili perc,1,US National,quantile,0.975,2018-02-10,8.942672673660427
2018-02-03,ili perc,1,US National,quantile,0.99,2018-02-10,9.584762321877319
2018-02-03,ili perc,2,US National,quantile,0.01,2018-02-17,3.8268984474664283
2018-02-03,ili perc,2,US National,quantile,0.025,2018-02-17,4.238382403442739
2018-02-03,ili perc,2,US National,quantile,0.05,2018-02-17,4.614221363985655
2018-02-03,ili perc,2,US National,quantile,0.1,2018-02-17,5.027532749972321
2018-02-03,ili perc,2,US National,quantile,0.15,2018-02-17,5.268282464238119
2018-02-03,ili perc,2,US National,quantile,0.2,2018-02-17,5.469551605710409
2018-02-03,ili perc,2,US National,quantile,0.25,2018-02-17,5.647932712204566
2018-02-03,ili perc,2,US National,quantile,0.3,2018-02-17,5.828656557539947
2018-02-03,ili perc,2,US National,quantile,0.35,2018-02-17,5.979696435148354
2018-02-03,ili perc,2,US National,quantile,0.4,2018-02-17,6.127590447409569
2018-02-03,ili perc,2,US National,quantile,0.45,2018-02-17,6.262921455974059
2018-02-03,ili perc,2,US National,quantile,0.5,2018-02-17,6.384147548837063
2018-02-03,ili perc,2,US National,quantile,0.55,2018-02-17,6.518593534764196
2018-02-03,ili perc,2,US National,quantile,0.6,2018-02-17,6.666766331684822
2018-02-03,ili perc,2,US National,quantile,0.65,2018-02-17,6.809558545001798
2018-02-03,ili perc,2,US National,quantile,0.7,2018-02-17,7.022862827368682
2018-02-03,ili perc,2,US National,quantile,0.75,2018-02-17,7.218386285222913
2018-02-03,ili perc,2,US National,quantile,0.8,2018-02-17,7.43757910549151
2018-02-03,ili perc,2,US National,quantile,0.85,2018-02-17,7.748920655473878
2018-02-03,ili perc,2,US National,quantile,0.9,2018-02-17,8.179835002330025
2018-02-03,ili perc,2,US National,quantile,0.95,2018-02-17,8.886037541698702
2018-02-03,ili perc,2,US National,quantile,0.975,2018-02-17,9.443836600167362
2018-02-03,ili perc,2,US National,quantile,0.99,2018-02-17,10.371668876368291
2018-02-03,ili perc,3,US National,quantile,0.01,2018-02-24,3.223544372272997
2018-02-03,ili perc,3,US National,quantile,0.025,2018-02-24,3.5556120656279706
2018-02-03,ili perc,3,US National,quantile,0.05,2018-02-24,3.9345441974007085
2018-02-03,ili perc,3,US National,quantile,0.1,2018-02-24,4.343591361233658
2018-02-03,ili perc,3,US National,quantile,0.15,2018-02-24,4.621794535340797
2018-02-03,ili perc,3,US National,quantile,0.2,2018-02-24,4.851671728544012
2018-02-03,ili perc,3,US National,quantile,0.25,2018-02-24,5.013854438547789
2018-02-03,ili perc,3,US National,quantile,0.3,2018-02-24,5.219596390988217
2018-02-03,ili perc,3,US National,quantile,0.35,2018-02-24,5.377908312856347
2018-02-03,ili perc,3,US National,quantile,0.4,2018-02-24,5.575698912584252
2018-02-03,ili perc,3,US National,quantile,0.45,2018-02-24,5.744503505018478
2018-02-03,ili perc,3,US National,quantile,0.5,2018-02-24,5.916481666208822
2018-02-03,ili perc,3,US National,quantile,0.55,2018-02-24,6.05795976397251
2018-02-03,ili perc,3,US National,quantile,0.6,2018-02-24,6.2527848697047315
2018-02-03,ili perc,3,US National,quantile,0.65,2018-02-24,6.467511581156125
2018-02-03,ili perc,3,US National,quantile,0.7,2018-02-24,6.732149219056617
2018-02-03,ili perc,3,US National,quantile,0.75,2018-02-24,6.963087754597801
2018-02-03,ili perc,3,US National,quantile,0.8,2018-02-24,7.280846261763966
2018-02-03,ili perc,3,US National,quantile,0.85,2018-02-24,7.6993396075626634
2018-02-03,ili perc,3,US National,quantile,0.9,2018-02-24,8.21066256753207
2018-02-03,ili perc,3,US National,quantile,0.95,2018-02-24,9.165921602797173
2018-02-03,ili perc,3,US National,quantile,0.975,2018-02-24,10.034783848602062
2018-02-03,ili perc,3,US National,quantile,0.99,2018-02-24,11.7005211358144
2018-02-03,ili perc,4,US National,quantile,0.01,2018-03-03,2.720317519722281
2018-02-03,ili perc,4,US National,quantile,0.025,2018-03-03,3.0881071017616017
2018-02-03,ili perc,4,US National,quantile,0.05,2018-03-03,3.407860862610484
2018-02-03,ili perc,4,US National,quantile,0.1,2018-03-03,3.8549875485877907
2018-02-03,ili perc,4,US National,quantile,0.15,2018-03-03,4.1082951291294005
2018-02-03,ili perc,4,US National,quantile,0.2,2018-03-03,4.3426944468368855
2018-02-03,ili perc,4,US National,quantile,0.25,2018-03-03,4.5669229810421825
2018-02-03,ili perc,4,US National,quantile,0.3,2018-03-03,4.75321783714096
2018-02-03,ili perc,4,US National,quantile,0.35,2018-03-03,4.965271084864236
2018-02-03,ili perc,4,US National,quantile,0.4,2018-03-03,5.14727675432346
2018-02-03,ili perc,4,US National,quantile,0.45,2018-03-03,5.334598629814632
2018-02-03,ili perc,4,US National,quantile,0.5,2018-03-03,5.53967590619168
2018-02-03,ili perc,4,US National,quantile,0.55,2018-03-03,5.728179172780865
2018-02-03,ili perc,4,US National,quantile,0.6,2018-03-03,5.9400923910990615
2018-02-03,ili perc,4,US National,quantile,0.65,2018-03-03,6.170121356362697
2018-02-03,ili perc,4,US National,quantile,0.7,2018-03-03,6.403446832078955
2018-02-03,ili perc,4,US National,quantile,0.75,2018-03-03,6.669217094648515
2018-02-03,ili perc,4,US National,quantile,0.8,2018-03-03,7.078596361153909
2018-02-03,ili perc,4,US National,quantile,0.85,2018-03-03,7.57499627867762
2018-02-03,ili perc,4,US National,quantile,0.9,2018-03-03,8.203846266771198
2018-02-03,ili perc,4,US National,quantile,0.95,2018-03-03,9.471036749663494
2018-02-03,ili perc,4,US National,quantile,0.975,2018-03-03,10.66978547865359
2018-02-03,ili perc,4,US National,quantile,0.99,2018-03-03,12.296565006330262
